idx,content,pubdate,url,uid,pid,mid,testdate,status,retestdate,status_2,followers,error,topic,class
36868,美国民主被白左折磨得半死，如今又给白右踩上几脚，已经死绝了。没有中华文明的大复兴，人类不会有民主进步了。,10/5/18,https://weibo.com/6057504665/GCvReth49,6057504665,GCvReth49,4291790000000000.0,10/9/18,available,11/28/18,available,6006.0,,democracy,uncensored
235,今天是2018最后一天，原本今年是改革开放四十周年，中国手中握了一把好牌。但是，这一年发生了太多的事，大家的期望落空了，春天的时候就说“寒冬将至”，对于即将到来的2019充满忧虑。但是，我坚信“发展是硬道理”，“民心不可侮”，中国还是会克服重重困难，中国人民的勤奋和创造力一定能迎来柳暗花明的2019,12/30/18,https://weibo.com/2573254044/H9Lfza0D9,2573254044,H9Lfza0D9,4323270000000000.0,1/3/19,not available,1/4/19,not available,,Permission Denied!,china,censored
40280,我觉得天天对忘羡来说是很幸福的事情，我看着也觉得很温暖，即便是被和谐的部分我也从来不觉得过，因为他们的感情和他们的经历值得他们这样朝朝暮暮。我看过一句话，大概是老祖攻遍天下，却甘愿受于忘机，是的，这就是羡羡爱忘机的证明，一点也不比忘机少。魔道祖师,9/24/18,https://weibo.com/5100490072/GAXiHwQeF,5100490072,GAXiHwQeF,4288080000000000.0,9/28/18,available,1/2/19,available,73.0,,propaganda,uncensored
23494,特朗普的新名字～堂吉诃德·川普。其实，有利益分歧或冲突是正常的并不可怕，真正可怕的是对对方充满幻觉。这几天看美国媒体报道其政界人物就中美贸易冲突的看法。特朗普和分管官员脑子里充满了堂吉诃德式的念头，真心认为“中国社会因贸易战这而分裂”，“中国经济快垮了”，“中国人当他们觉得被包围了，就会投降”。你会觉得美国是怎么了，堂吉诃德执掌白宫？,10/3/18,https://weibo.com/1609508501/GCcmSxV6n,1609508501,GCcmSxV6n,4291040000000000.0,10/7/18,available,12/2/18,available,949.0,,trump,uncensored
448,特朗普于空军一号上宣布，对中国将在2000亿关税基础上再额外添加2670亿美元关税。……2017年中国出口美国5370亿美元,9/8/18,http://weibo.com/1635524492/GylEb7dHK,1635524492,GylEb7dHK,4281860000000000.0,9/11/18,not available,12/26/18,not available,37393.0,Permission Denied!,trump,censored
265,为什么杭州政府把城城案一直压了6个月、不向外公布？其中到底何方是鬼作怪啊、有共产共党的法律吗？百姓有民主权吗！！,10/13/18,https://weibo.com/3793660612/GDOF7FKt4,3793660612,GDOF7FKt4,4294900000000000.0,10/17/18,available,12/26/18,not available,30.0,Permission Denied!,democracy,censored
137,大家发觉没有，相对于2008年，今年纪念改革开放的好文章，几乎没有。我猜原因有三点：1）过去10年，中国的经济学者没有什么进步，所以没能写出比10年前更好的文章。2）过去10年，中国没有什么真正值得书写的改革举措，因此也就没有什么好的纪念文章了。3）人家写了，但发不出来，所以我们没看到。不知道哪个原因占的成分大一点呢。,12/18/18,https://weibo.com/1035547072/H7RoEu9dn,1035547072,H7RoEu9dn,4318740000000000.0,12/22/18,not available,12/23/18,not available,64855.0,Permission Denied!,china,censored
492,路透社报道，最早下周一，美国总统特朗普宣布，对中国2000亿美元商品加征关税，征税10%，比先前25%的低些。美国总统一意孤行下去是必然的。,9/16/18,http://weibo.com/1736287852/Gzzp6iZrY,1736287852,Gzzp6iZrY,4284780000000000.0,9/19/18,not available,12/27/18,not available,290630.0,Permission Denied!,trump,censored
357,中国人所迷恋的「大局」，大抵也就是一种奴性。皇帝是没有了，权贵集体就是「大局」。经济优于人权，国家优于个人，所以权贵不能闪失。体现在悲惨强奸案上，奴婢们要么今夜和滴滴一起，要么津津有味讨论东哥是否美国作局该如何保，受害者命贱如纸，奴婢只想分得人血馒头。如果说印度作为「强奸国度」是庶民自身的贫贱悲剧，中国这儿，则是权力者和他们的奴仆对尘世和庶民的践踏。人的自由平等一日不成共识，这个国度依然会像这样脏下去。,9/6/18,http://weibo.com/1785667721/Gy70cBbJq,1785667721,Gy70cBbJq,4281300000000000.0,9/9/18,available,12/30/18,not available,96168.0,Permission Denied!,hr,censored
37665,“在白色恐怖时代，向日葵、红色都不能出现。当我们这个时代，自由民主气氛早已经存在社会之中，年轻人是不是开始在制造另一种紧张，因为东西太多，脚步太快，社会有太多东西，是不是有另一种紧张被制造出来了？我相信是有的，想象的愤怒，集体的歇斯底里，生命什么时候会因为漏掉一条新闻而活不下去吗？没有，但这样反而被逼得走不下去了。”,10/29/18,https://weibo.com/6405023827/H0bw2oaHa,6405023827,H0bw2oaHa,4300440000000000.0,11/2/18,available,11/29/18,available,18.0,,democracy,uncensored
8441,这就是中国计划生育带来的悲剧O老人被强拖到台上的原因感动了千万观众，涂磊都觉得心痛不停擦泪,12/12/18,https://weibo.com/3199711040/H70FC8A51,3199711040,H70FC8A51,4316710000000000.0,12/16/18,available,12/27/18,available,254.0,,fp,uncensored
485,2018.9.15早，特朗普发布对中国2000亿美元的商品征收关税指令。这是搬起砖头砸自己的脚。不过这会不会只是小菜，接下来那些财产转移至国外的要小心了，特朗普会不会冻结这些个财产?会不会时不时公布一些?想想怪吓人的。,9/15/18,http://weibo.com/2060525797/GzsEQsNFK,2060525797,GzsEQsNFK,4284520000000000.0,9/18/18,not available,12/27/18,not available,254.0,Permission Denied!,trump,censored
106,抓捕加拿大外交官是一步臭棋，因为这家伙的价值远不如华为大公主。赵括马谡之流再瞎折腾，给台湾海峡引来三个航母战斗群，90天过渡期一夜之间作废，全部中国商品立即百分百关税，北京的大手掌会亲自给瞎折腾的瓜蛋们戴上大红花并送上光荣榜。,12/11/18,https://weibo.com/2703536433/H6NzwEhg8,2703536433,H6NzwEhg8,4316210000000000.0,12/15/18,not available,12/16/18,not available,39282.0,Permission Denied!,china,censored
28781,呵呵，观察者网在美国。反美是工作，留美是生活。刚刚，川普在飞机上的这一细小动作，被骂惨了...O刚刚，川普在飞机上的这一细小动作，被骂惨了...,11/25/18,https://weibo.com/5856490788/H4qJZfNN0,5856490788,H4qJZfNN0,4310560000000000.0,11/29/18,available,12/11/18,available,40.0,,trump,uncensored
14395,假料bot：据悉中国一线女星氨基辣bb今晚出席mama亚洲盛典回到家后把自己关在房间待了两个小时他的丈夫皇小名透露他贴着门缝听到bb在房内循环播放今晚防弹少年团舞台边看边喊妙老公孩子都不管了出房门后立马拨通经纪人电话联系防弹少年团出门吃宵夜为中韩友好建交献出了一份伟大的力量,12/14/18,https://weibo.com/3165472184/H7fwGmecg,3165472184,H7fwGmecg,4317280000000000.0,12/18/18,available,12/29/18,available,78.0,,china,uncensored
28079,特朗普一直有一个阴谋，就是让美国取代欧佩克成为全世界油价的控制者。因为现在的情况不一样了，因为页岩油技术的出现，美国已经成为了全球第一大原油和天然气生产国、出口国，这个时候美国就想着要掌握全球原油的定价权。摆在美国面前最大的敌人就是欧佩克，成员国有沙特、伊拉克、伊朗、科威特、阿联酋、尼日利亚、委内瑞拉等15个国家，这些国家联合起来，对全球石油价格有很大的影响力。,11/17/18,https://weibo.com/1405463773/H35mxvHTS,1405463773,H35mxvHTS,4307360000000000.0,11/21/18,available,12/11/18,available,2023296.0,,trump,uncensored
924,万人请辞抗议杭州打狗劝你们善良！当看到这个消息时，我是惊呆的！这是2018年？真的不像，反倒是像文革红卫兵的时代！只是红卫兵变成了现在的城管。可怕，真的可怕！我喜欢狗，我也养过狗，当你们这些刽子手从狗主人手里抢走狗的时候他们心理有多难受么？我曾经向往的杭州，我曾经想一直定居的地方，竟然是这样的？请你们善良，不单单是为了别人，也为了自己！,11/16/18,https://weibo.com/2455879675/H2USHckQj,2455879675,H2USHckQj,4306950000000000.0,11/20/18,not available,12/12/18,not available,896.0,Permission Denied!,cr,censored
646,【2018美国中期选举民主党夺回众议院】11月6日，特朗普迎来期中考，民主党和共和党就众议院全部435个席位、35个参议院席位以及36个州长席位展开角逐。目前，各州的投票情况正在统计过程中。据分析，民主党将获得众议院多数党席位。共和党则将在中期选举后继续掌控参议院。O美中期选举:民主党夺回众议院共和党保住参议院,11/7/18,https://weibo.com/1893801487/H1yG4aSop,1893801487,H1yG4aSop,4303720000000000.0,11/11/18,not available,12/28/18,not available,18942134.0,Permission Denied!,trump,censored
32939,全世界的教师节是9月28日，以纪念孔子为目的，而我们的教师节是9月10日，当初在制定教师节的时候正赶上文化大革命，批林斗孔除四旧，政治气氛太浓，没有人敢把孔子的诞辰作为教师节。,9/28/18,https://weibo.com/1868717347/GBuh6kxpO,1868717347,GBuh6kxpO,4289350000000000.0,10/2/18,available,1/1/19,available,271.0,,cr,uncensored
619,卡舒吉和本拉登是一路人只不过一个暴力派一个温和派…这件事在美闹得这么大也是因为美国的主流媒体想恶心川普…好多评论转发看得我都无语什么当一个记者说真话blablabla记者真高尚blabla不知道该不该笑虽然沙特活体肢解真的令人毛骨悚然仿佛重回中世纪,10/19/18,https://weibo.com/6086529903/GELxVipZr,6086529903,GELxVipZr,4297160000000000.0,10/23/18,available,12/27/18,not available,20.0,Permission Denied!,trump,censored
2426,孟晚舟保释后发朋友圈我从来不觉得爱国是什么丢人的事情，反而我觉得是每一个中国人都应该有的态度。先有国后有家，既然生活在这片土地上，就应该热爱这片土地,12/12/18,https://weibo.com/5310328294/H6TZbEKNr,5310328294,H6TZbEKNr,4316450000000000.0,12/16/18,available,12/27/18,available,166.0,,patriotism,uncensored
14539,微博简直是吐槽的绝佳地点因为没有熟人，昨天一朋友给我看她朋友在墨尔本的东边90万澳币买的一块地然后在地上又花200万澳币造的一栋300万“法式别墅”，我看了图片还禁不住问了一句，这房子是鬼佬公司给造的还是找的中国人施工队给造的？那风格真的就像浙江温州那些高速公路边一晃而过的无数灰色奇怪土楼，或者某个中国中西部县城中心广场旁边的最高级桑拿会所一样，不中不西倒洋不土。花300万建了这么一栋房子，连穹顶都是法国进口过来的哦，我朋友补充道。脑补一下一个中国家庭，生活在墨尔本这么一栋气派的三层法式公馆里，头顶一直是一个金色气派的犹如卢浮宫或者梵蒂冈西斯丁教堂的穹顶，只是不知道他们是不是会继续选择铺上猪肝红的木地板配上上好的红木家具，让这份尊贵奢华更上一层楼。,12/14/18,https://weibo.com/2267229162/H7iiJA6rX,2267229162,H7iiJA6rX,4317390000000000.0,12/18/18,available,12/29/18,available,462.0,,china,uncensored
28429,设计师在主场还要乱来，而且都箭在弦上，真的怀疑他是不是特朗普假装的啊…真的苦了中国公关team，从几个月以前就开始邀请，各种明星各种kol合作。忙到今天，本来以为马上要解放了，等来一个百年一遇的特大型公关事故还要继续忙上加忙。,11/21/18,https://weibo.com/1678384161/H3GGKqiWB,1678384161,H3GGKqiWB,4308790000000000.0,11/25/18,available,12/11/18,available,38439.0,,trump,uncensored
93,转发：正东迎朝阳如果这次再像中兴那样让美国人得逞，中华民族就无望了。美国人现在最希望中国乱，因此我们要注意斗争和抗议的方式方法，建议：1、网上到加拿大大使馆、美国大使馆抗议，2、直接到美国加拿大驻华的大使馆领事馆抗议，切不可随便上街抗议游行而影响国家的安定稳定。---左大培答：我要的是举报和惩办美国奸细和帮办,12/6/18,https://weibo.com/3192339774/H664PAP8g,3192339774,H664PAP8g,4314530000000000.0,12/10/18,not available,12/16/18,not available,35107.0,Permission Denied!,china,censored
334,我怀疑，那些声称“要民意要民主要自由”的知识分子，文学青年，行为先锋。知道什么是我国的民意主体吗？人民当家作主，是top5%受高等教育者当家作主吗？当然不是啦，真正的民意主体，那些源源不断把孩子送给杨永信的父母，那些月薪三千点不起外卖的平均收入人口，八亿农民，六千万虎视眈眈冲动暴躁的光棍，时刻催婚的姑婆们。无产阶级，才是国家真正的主人。我还记得某次撕逼中，某些自以为进步的小资艺术使者告诉我“党，国”对她们而言是一种污蔑。哈哈哈哈哈。因为她们觉得此地诸多限制，不民主，不自由。嘻嘻，她们要的那种民主最喜欢一把撕碎她们这种压榨他人而获取了财富和自由，行为柔弱又毫无产出的人了。一方面是人民不够右，才容许她们存在；一方面人民又不够左，竟容许她们存在。而她们又以左为豪，这个屁股坐得真的非常搞笑了。,12/17/18,https://weibo.com/5525595650/H7KtC0aGR,5525595650,H7KtC0aGR,4318470000000000.0,12/21/18,not available,12/22/18,not available,228.0,Permission Denied!,democracy,censored
14366,人们常把价值投资简单等同于长期持有，这种认识是有偏差的。长期持有往往是因为我们的研究领先于市场，而中国市场的效率偏低，股价反映基本面的变化可能需要相当长的时间，导致我们持有时间长。长期投资、价值投资不是持股不动，而是需要不断客观分析行业、公司的发展，并与当时的股价相结合，判断股价是否高估、风险收益是否合适，如果已经透支了未来，就要调整。,12/14/18,https://weibo.com/1525844264/H7f8qk7bc,1525844264,H7f8qk7bc,4317260000000000.0,12/18/18,available,12/29/18,available,313776.0,,china,uncensored
30165,不谈政治，其实美国历史上的老布什，克林顿，小布什，这些都是精英总统，民粹主义抬头，奥巴马，特朗普这些人的上台，其实彻底断送了这种精英统治，这将是以后越来越会怀念的时代。,12/5/18,https://weibo.com/3794021907/H5XsM05Gw,3794021907,H5XsM05Gw,4314200000000000.0,12/9/18,available,12/21/18,available,2154.0,,trump,uncensored
41,红黄蓝幼儿园案一审宣判真是犯罪成本太低了，难怪类似的犯罪屡屡发生!虐童，性侵，拐卖儿童难道不应该判的更重，以儆效尤吗？2西安·西安光电园,12/27/18,https://weibo.com/1647338247/H9iuLB6pg,1647338247,H9iuLB6pg,4322160000000000.0,12/31/18,not available,1/1/19,not available,87.0,Permission Denied!,kindergarten,censored
142,许静看着热搜从第二降下去了明天考试今天还找了一堆资料（改革开放40周年中国现代化建设新时代历史进程和谐社会）2珠海·吉林大学珠海学院,12/19/18,https://weibo.com/1878425094/H7XHemx5K,1878425094,H7XHemx5K,4318980000000000.0,12/23/18,not available,12/24/18,not available,271.0,Permission Denied!,china,censored
26054,其实特朗普确实有点傻但是却是有远见的，从历史长远来讲，掘来之食，早晚会让一个国家麻痹丧尸斗志美国另一派想的是奴隶主天天给我国送金银珠宝各种好处何乐而不为呢但是特朗普的方法是错误的，别人给你珠宝当然要收了，他应该做的是更改国内的分配制度，让懒人减少救济，可以减少或消除掘来之食对社会公平的不良影响。但是又想获得选票，哎这是民主的弊端吧还有一种是特朗普比另一派更贪婪他想让奴隶主送更多的珠宝并且治的服服帖帖,10/27/18,https://weibo.com/5594990801/GFSjjiCjm,5594990801,GFSjjiCjm,4299800000000000.0,10/31/18,available,12/3/18,available,185.0,,trump,uncensored
83,在推上看到不少说孟晚舟国籍的，哪位有确切消息的说说她还是中国国籍吗,12/6/18,https://weibo.com/5393307875/H5Z123R3w,5393307875,H5Z123R3w,4314260000000000.0,12/10/18,not available,12/16/18,not available,24464.0,Permission Denied!,china,censored
26613,【特朗普：“赴美生子”都成为一种产业了】刚刚细读了川普的讲话“非法移民的孩子将不再是美国公民”，意思就是黑在那的女人生了孩子，美国会把他们一家门遣送回国，他们再也无法挟婴儿以令诸侯，也无法在孩子18岁后获得身份。我身边大多数赴美生子的家庭，都是中产以上，均获得了签证，甚至在美有不少产业。这条新提案影响不到中产及以上阶层，倒霉的是凤姐那种人（凤凤对不起了）。,11/2/18,https://weibo.com/6215358575/H0O0HCUva,6215358575,H0O0HCUva,4301920000000000.0,11/6/18,available,12/10/18,available,23068.0,,trump,uncensored
102,【网友实名举报汇丰银行涉嫌侵犯商业秘密罪】加拿大拘押华为公司首席财务官孟晚舟事件持续发酵。今日，网友李明强向上海市公安局实名举报汇丰银行（中国）有限公司涉嫌侵犯商业秘密罪。该网友称，汇丰银行（中国）有限公司可能涉嫌将中国民营企业华为公司的商业机密，不正当的向外国司法机构进行泄漏。,12/10/18,https://weibo.com/6280477940/H6BbY0k5p,6280477940,H6BbY0k5p,4315730000000000.0,12/14/18,not available,12/16/18,not available,790518.0,Permission Denied!,china,censored
26374,上海房产律师1、【海外房产】多家国际投资机构及经济分析机构认为：澳大利亚的悉尼、墨尔本，加拿大的多伦多、温哥华，英国的伦敦这五个城市房价或将坍塌！2、【海外移民】昨夜，特朗普总统表示即将签署行政命令结束“出生公民权”，未来，北京或许再也遇不见西雅图，赴美生子的业务或将退出历史舞台。,10/31/18,https://weibo.com/3101942257/H0um4qqLy,3101942257,H0um4qqLy,4301170000000000.0,11/4/18,available,12/10/18,available,758.0,,trump,uncensored
233,今天是2018年的最后一天每一年都有一个最后1⃣️天5年前我会热心地准时在零点给别人新年㊗️福去年我会认真地总结一年来的悲欢离合而今年。。。我只想催中国电信的办事效率能不能高一点呀？我都办了一周的宽带了还不给我电话卡，我移动的号都降资费了，再不给我卡，我就没流量用了。。。虽然办理业务的小姐姐一直时不时地悄悄地害羞地盯着我，但是我很抱歉，因为我知道我这一生注定无法属于任何一个人。。。啊～我这该死的无处安放的魅力,12/30/18,https://weibo.com/3735966437/H9GFElaWu,3735966437,H9GFElaWu,4323090000000000.0,1/3/19,not available,1/3/19,not available,200.0,Permission Denied!,china,censored
28354,美国总统特朗普：沙特形势“错综复杂”。“我们将观察形势的发展……这是一个遗憾，但事情就是这样。”我希望油价下跌。沙特已经帮助美国打压油价。如果美国放弃沙特，将是一个错误。不会通过对沙特持强硬立场来破坏全球经济。美国中情局（CIA）并未在沙特记者Khashoggi遇害案上发现“任何具有决定性的东西”。如果沙特王储也要赴阿根廷（参加G20峰会），我届时将与他会面。,11/20/18,https://weibo.com/1432862417/H3DQ1yVSj,1432862417,H3DQ1yVSj,4308680000000000.0,11/24/18,available,12/11/18,available,2813.0,,trump,uncensored
38379,我不懂政治，但我知道沙特记者被杀案是对美国的考验，我想看美国到底要选择正义还是利益，如果选择正义，那么他还是那个自由民主的美国，但是选利益的话，这样的国家在我心里就是一堆烂泥。,11/17/18,https://weibo.com/5247743566/H38TsCzdu,5247743566,H38TsCzdu,4307490000000000.0,11/21/18,available,12/17/18,available,63.0,,democracy,uncensored
13965,来年初め、西遊記の中国と米国の共同制作が正式にオンになり、私は猿の王孫悟空を果たし続ける、私は中国の文化を、芸術的画像のエネルギー、スタイル2つの開花と猿王の肯定的なイメージを作成し推進してまいります、私はあなたに多くの注目を願っていますㄖ月哖哖初，筗美郃拍魡硒游汜楖鱂正勢汧機，莪繼續Ъǎη演美猴仼孫悟箜，莪嬒砽美猴仼yì術形象努仂創慥ー箇正螚量魡形象，呅躰唡汧蘤，弘揚筗蕐呅ィ匕，χì朢汏榢dυоdυо關㊟。尼玛明年年初！！！！！！！！尼玛中美合拍的西游记即将正式开机有木有！！！！！！！！！！劳资继续扮演美猴王孙悟空！！！亲！！！！！！！！！！！尼玛劳资会用美猴王艺术形象努力创造一个正能量的形象！！！！！！！文体两开花！！！！！！！弘扬中华文化啊啊！！！！！！！！！！！！！尼玛希望大家能多多关注！！！！有木有！！！！！！！！！！！┏━┯━┯━┯━┯━┯━┓┃形│我│演│式│拍│明┃┃象│会│美│开│的│年┃┃努│用│猴│机│西│年┃┃力│美│王│，│游│初┃┃创│猴│孙│我│记│，┃┃造│王│悟│继│即│中┃┃一│艺│空│续│将│美┃┃个│术│，│扮│正│合┃┗━┷━┷━┷━┷━┷━┛┏━┯━┯━┯━┯━┯━┓┃││能│华│体│正┃┃││多│文│两│能┃┃││多│化│开│量┃┃││关│，│花│的┃┃││注│希│，│形┃┃│││望│弘│象┃┃│││大│扬│，┃┃│││家│中│文┃┗━┷━┷━┷━┷━┷━┛注关多多能家大望希，化文华中扬弘，花开两体文，象形的量能正个一造创力努象形术艺王猴美用会我，空悟孙王猴美演扮续继我，机开式正将即记游西的拍合美中，初年年明,12/13/18,https://weibo.com/1676582524/H74ktgOOz,1676582524,H74ktgOOz,4316850000000000.0,12/17/18,available,12/28/18,available,934693.0,,china,uncensored
557,2000亿落地了，加征10%关税，特朗普曾经威胁说加25%，这个靴子落地后本来应该对A股是好事，因为第一落地了，第二减少到10%，并且剔除了苹果为首的一部分商品；但后面的内容显示如果中国再抵抗就再对2670亿商品加征关税，这个就不太好了，依照我们的以往动作分析，肯定反击，这样下次就往纵深发展了！,9/18/18,http://weibo.com/5408006106/GzSPAbdDn,5408006106,GzSPAbdDn,4285520000000000.0,9/22/18,not available,12/27/18,not available,1266339.0,Permission Denied!,trump,censored
9607,首先不要瞎管！法无禁止即可为！！！【上交所陈炎玮：市场期待更多衍生品工具】上交所产品创新中心副总经理陈炎玮在2018年第14届中国（深圳）国际期货大会上交所专场上表示，近期上交所召集了座谈会。关于新产品，市场意见主要集中在3个方面，一是对更多ETF期权的需求，包括跨市场、跨境品种；二是对更多债券类衍生品工具的需求，主要是信用类工具，三是基础性配套措施，包括融券、证券借贷，这三个方面上交所都有研究和储备。,12/2/18,https://weibo.com/1952582167/H5mjbrMry,1952582167,H5mjbrMry,4312770000000000.0,12/6/18,available,12/19/18,available,46048.0,,china,uncensored
31734,舒马赫苏醒了醒来一看手机:原来我们德国队四年前拿了世界杯冠军，原来科比退役了，原来美国总统是川普，原来我穿梭到了未来世界,12/18/18,https://weibo.com/2546489484/H7O9M7caJ,2546489484,H7O9M7caJ,4318610000000000.0,12/22/18,available,1/4/19,available,233.0,,trump,uncensored
32244,不仅美国内部政治混乱，北约也同样如此。【突发！北约大批军队向乌军开火，特朗普反应却让人不懂】O突发！北约大批军队向乌军开火，特朗普反应却让人不懂,12/20/18,https://weibo.com/3778318521/H8f578uZu,3778318521,H8f578uZu,4319650000000000.0,12/24/18,available,1/4/19,available,13.0,,trump,uncensored
189,转发好消息：看视频《国家主权网络IPV9正式亮相》后，才知道为什么说网络安全就是国家安全，才知道为什么美国这么富有。我们每天打电话、微信、QQ和上网使用的都是美国的因特网IPV4母根服务器、主根服务器（即：互联网）。中国与美国签订了从2000年~2020年租用因特网20年的协议，每年向美国交租金，随着用量的增加每年租金都在上长，其中，2007年是5000亿，2017年是7800亿，到2020年最后一年是60000亿（六万亿），这只是中国的租金。全世界每个国家都租用美国的因特网，试想美国有多富？！举个美国的例子（用中国话来说），美国享受国家低保的人员包括在街上的乞讨人员在内，每天一日三餐的生活质量比中国普通的工薪阶层的生活质量还要好得多得多，不但衣食无忧，而且还可以到全球旅游，可见美国有多富。2014年，中国自己研发成功了具有自主知识产权的IPV9母根服务器、主根服务器，就与美国谈判要回话语权，被美国一票否决了。2015年，中国专家代表团在联大会员国会员中做试范介绍后，IPV9的安全性和质量远远超过了美国的IPV4和IPV6，被全体会员所接受，美国交出了话语权，联合国把话语权交给了中国。又经过谈判，在2017年美国又交出了管理权，联合国又把管理权交给了中国，并给了中国100年的使用和管理权。也就是说，当2020年租期一到，中国就可以使用具有自主知识产权的IPV9母根服务器、主根服务器。到现在已经有25个国家与中国签订了租用协议。2018年中国在全国所有接收发送站已经全部建成，2019年中国全国试运行，到2020年租期一到，关闭因特网，接上我国自己的新一代互联网，即物联网IPV9。如果说因特网IPV4、IPV6造就了美国的辉煌，那么，物联网IPV9从2021年开始到2120年的100年中将造就中国的辉煌。这就是中国政府向全世界庄严宣布实现两个一百年宏伟目标的底气所在。这才叫实力——请转发,12/21/18,https://weibo.com/2325804134/H8nJNz0kn,2325804134,H8nJNz0kn,4319980000000000.0,12/25/18,not available,12/26/18,not available,2686.0,Permission Denied!,china,censored
901,极左态势持续升级，不乏脑残极左“表忠”的成分，文革开始时也只是表表忠，讳疾忌医不纠正，只怕会天下大乱。,9/2/18,http://weibo.com/1446990952/GxqKhCm4m,1446990952,GxqKhCm4m,4279680000000000.0,9/5/18,not available,12/24/18,not available,199.0,Permission Denied!,cr,censored
908,【掷地有声】高老师说了自己的态度：“我在会上明确表示：1、米家山也年龄大了，能对自己当年野蛮暴行有所认识是好事情。2、不接受他的道歉。3、不见他。4、文革是国家和民族的巨大灾难，要道歉，首先要从大人物开始，你米家山当年打得好欢，现在要来道歉，你算老几哦！小人物！”,10/3/18,https://weibo.com/1561015262/GCjq1qc73,1561015262,GCjq1qc73,4291310000000000.0,10/7/18,not available,12/24/18,not available,1950021.0,Permission Denied!,cr,censored
480,昨日美股盘中惊人一跳，概因特朗普指示属下做好开征2000亿美元商品关税的行政程序。看来，毛衣战短期内还是没有缓和的余地，别幻想了。,9/15/18,http://weibo.com/1439207087/GzqZha1z9,1439207087,GzqZha1z9,4284450000000000.0,9/18/18,not available,12/27/18,not available,1039.0,Permission Denied!,trump,censored
329,另外从来没有什么chinese民族的伟大复兴，只有feudal社会的伟大复兴。宁与外邦不与家奴。窝里斗，底层互害。一层压一层。事不关己高高挂起。意识不到人权和民主的地方永远是跪着的。,12/11/18,https://weibo.com/2987610133/H6MtJ2i08,2987610133,H6MtJ2i08,4316160000000000.0,12/15/18,available,12/26/18,not available,144.0,Permission Denied!,democracy,censored
565,周一美股收盘之后，特朗普宣布对中国2000亿美元商品征收10%的关税这个消息其他渠道是有的，不过没有见官方的正式通报。,9/18/18,http://weibo.com/5977370392/GzTG05JV1,5977370392,GzTG05JV1,4285560000000000.0,9/22/18,not available,12/27/18,not available,104722.0,Permission Denied!,trump,censored
50,日本妈妈我感冒了嘤嘤嘤躺着别动妈妈立刻去给你买冰淇淋！中国妈妈我感冒了嘤嘤嘤多喝热水妈妈我想吃冰淇淋我看你长得像冰淇淋！……来到日本我觉得中日最大的文化差异：日本人感冒发烧要吃冰淇淋，很ok,11/29/18,https://weibo.com/2545520821/H4ZoNrvyy,2545520821,H4ZoNrvyy,4311890000000000.0,12/3/18,available,12/18/18,not available,200.0,Permission Denied!,china,censored
10161,燃了！宣传片《新时代的中国高铁》震撼亮相-在祖国广袤的大地上，两万五千公里钢铁大动脉正在强劲脉动。进入新时代，八纵八横世界最强高铁网正在纵横延展。在国家博物馆举办的伟大的变...O燃了！宣传片《新时代的中国高铁》震撼亮相,12/3/18,https://weibo.com/1357723287/H5yWnCWSv,1357723287,H5yWnCWSv,4313260000000000.0,12/7/18,available,12/19/18,available,1860.0,,china,uncensored
529,给我说中了！特朗普对中国新征2000亿产品关税。中美贸易战不会是短期的，边打边谈将是常态，以打促谈将是我国的最好策略，时间与我有利，前提是中国能争取到经济结构调整的时候，国内能稳定住房地产带来的巨额债务，这很难，十分不容易！,9/17/18,http://weibo.com/6495155311/GzL2Z2Hsy,6495155311,GzL2Z2Hsy,4285220000000000.0,9/21/18,not available,12/27/18,not available,210.0,Permission Denied!,trump,censored
10387,【改革开放是新时期中国解放思想的旗帜】改革开放是中国共产党人解放思想的经典之作，它一方面体现了破除一切思想禁锢、敢想敢闯敢干的开拓前进精神，另一方面体现了尊重客观规律、遵循先进理论指导的科学态度。体现在中国改革开放进程中的解放思想，不是思想上的自由放任，更不是思想上的虚无主义。,12/3/18,https://weibo.com/5266843093/H5D1PCQYV,5266843093,H5D1PCQYV,4313420000000000.0,12/7/18,available,12/19/18,available,1633079.0,,china,uncensored
30844,在另一边厢，加拿大第三季度经济增长放缓，加拿大央行12月利率声明更是暗示未来升息更趋谨慎，其鸽派立场无疑打击明年1月加息预期，加元因此快速走低并刷新两年半低位；尽管OPEC无视特朗普压低油价要求，但OPEC内部对减产规模仍有分歧。目前市场逐渐计价OPEC减产；一旦OPEC减产不及市场预期，国际油价再度走弱将拖累加元。澳洲第三季度GDP季率增长0.3%，仅为市场预期一半。澳洲季度经济放缓程度严重加之美股崩跌令澳元在触及4个月高位之后快速回落，短线反弹节奏面临终结风险；中美贸易紧张局势虽在G20峰会之后出现缓解，但市场对中美贸易谈判前景谨慎；后续一旦有关影响中美贸易谈判不利消息传出，澳元将有承压风险。,12/11/18,https://weibo.com/2710791357/H6KQbwmi4,2710791357,H6KQbwmi4,4316100000000000.0,12/15/18,available,12/26/18,available,295033.0,,trump,uncensored
447,川普天天跟自己国内的一帮人互怼，还跟国外，特别是中国怼啊怼，看看预期2000亿外，再来2670亿美元中国商品关税。斗志满满啊,9/8/18,http://weibo.com/1838123617/GyjsI0686,1838123617,GyjsI0686,4281780000000000.0,9/11/18,not available,12/26/18,not available,132.0,Permission Denied!,trump,censored
29602,川普的加关税只是个威胁的预期举措，怎么变成谈判筹码了？让他加啊，25%让美国通胀问题不大。,12/1/18,https://weibo.com/2216599381/H5lec2NPX,2216599381,H5lec2NPX,4312730000000000.0,12/5/18,available,12/18/18,available,700.0,,trump,uncensored
1961,多款iPhone被禁止销售受影响机型6S以上及iPhoneX高通也是美国的…内斗啊客观讲苹果手机系统用着确实好啊别说什么不爱国…,12/10/18,https://weibo.com/2321837993/H6HbogXQ7,2321837993,H6HbogXQ7,4315960000000000.0,12/14/18,available,12/25/18,available,25313.0,,patriotism,uncensored
187,许静19亿还是没有热搜对中国媒体很失望想骂人许静2019年我向总理说句话,12/21/18,https://weibo.com/5361439208/H8mKkDLRz,5361439208,H8mKkDLRz,4319940000000000.0,12/25/18,not available,12/26/18,not available,212.0,Permission Denied!,china,censored
1388,我在【追星有意义吗？】pk中，选择了【有】，偶像给我带来了正能量，你也快进入话题人为何要追星表态吧！有意义，我的爱豆是张艺兴，我艺兴哥哥是我的榜样，小哥哥三观很正，而且很努力，很爱国。,12/7/18,https://weibo.com/5092738934/H6ak8mONl,5092738934,H6ak8mONl,4314700000000000.0,12/11/18,available,12/22/18,available,63.0,,patriotism,uncensored
36924,历史已经多次印证：民主国家平时吵吵嚷嚷，一盘散沙，战时团结的像一只硬拳头。专制国家平时满脸狰狞，上上下下一副同仇敌忾的表象，真正打起来，往往马上土崩瓦解了。,10/6/18,https://weibo.com/1025894751/GCMYlDgoy,1025894751,GCMYlDgoy,4292450000000000.0,10/10/18,available,11/28/18,available,871.0,,democracy,uncensored
537,，美国媒体曝出特朗普可能最快在星期一，要对中国2000亿美元的进口商品加征关税下跌归因这个无数的闪崩就是垃圾股闪崩跟贸易战无关不明白这个点股市在拉起来会死的一样一样的惨！,9/17/18,http://weibo.com/3474920450/GzNGi1Vat,3474920450,GzNGi1Vat,4285320000000000.0,9/21/18,not available,12/27/18,not available,1622.0,Permission Denied!,trump,censored
13243,中美就贸易战达成停战共识，两国重新展开贸易谈判之际，美国总统特朗普（DonaldTrump）在社交网站Twitter发文，语调非常乐观，称正与中国进行非常有建设性的对话，并预告很快有重大公布，但无透露公布内容。,12/11/18,https://weibo.com/1132301460/H6N061m1Y,1132301460,H6N061m1Y,4316180000000000.0,12/15/18,available,12/26/18,available,19706.0,,china,uncensored
103,孟晚舟住宅遭闯入微博越来越垃圾，营销号也越来越没有底线，网民戾气太重，某些人格局小到也就能活成那样，私闯民宅不讨论，更别说这背后的阴谋，只在意人家在加拿大有房子？人家有钱为啥不能在国外买，在加拿大有房子就是丢中国脸，仇富严重，还不是因为自己过得不好，谁的钱都不是大风吹来的，不是自己努力也是父辈努力得来的，某些垃圾营销号带节奏蹭热度都不要脸了,12/10/18,https://weibo.com/1705419113/H6BKTiqzI,1705419113,H6BKTiqzI,4315750000000000.0,12/14/18,not available,12/16/18,not available,80.0,Permission Denied!,china,censored
26824,新福克斯民调显示，非裔美国人对特朗普总统的支持率为40%，创下共和党人的纪录。,11/4/18,https://weibo.com/5627561614/H1apkcCGn,5627561614,H1apkcCGn,4302780000000000.0,11/8/18,available,12/10/18,available,9006.0,,trump,uncensored
8561,【计划生育协会：明年着力解决群众不想生、不敢生、托育难】中国计划生育协会党组书记、常务副会长王培安介绍，2019年，计生协将深化优生优育促进行动，探索0-3岁婴幼儿照护和早期发展服务模式，帮助群众解决不想生、不敢生、托育难等问题，提高出生人口质量。点评：中国生育率下滑，有很多原因，最重要的是生孩子已经变成奢侈品，很多家庭负担不起。此外，高房价是最好的避孕药，孩子养大了，是要结婚生子的，结婚买不起房，自然不敢生了。二胎概念股，估计会借机炒作，关注爱婴室、金发拉比、邦宝益智等。,12/20/18,https://weibo.com/5618091575/H8cu2m5VC,5618091575,H8cu2m5VC,4319550000000000.0,12/24/18,available,1/4/19,available,6565.0,,fp,uncensored
186,“人民，只有人民，才是创造世界历史的动力。”中国大张旗鼓的过好“人民节”，就是创道历史，让酉方的“圣诞节”与中国的“人民节”融为一体，洋为中用，与世界接轨的中国方案。与时俱进的唯物主义与唯心主义各为其主，真理只有一条:阴阳是一个事物的正反两面，否极泰来，在斗争中创造历史。所以中国人12月25日过的是西方12月24日，根本不是“圣诞节”。反过来说，如果我们过“人民节”那么，西方12月25日=中国过12月26日“人民节”才是普天同庆。如果过节只是商业需要，那么在政治上还需要中国智慧来解决。2上海·上海四方新城,12/21/18,https://weibo.com/3265636660/H8l10cxKV,3265636660,H8l10cxKV,4319870000000000.0,12/25/18,not available,12/26/18,not available,800.0,Permission Denied!,china,censored
9266,5名消防员牺牲，13名消防员受伤，附近居民无一伤亡……这就是中国的消防员微博视频,12/1/18,https://weibo.com/2411394705/H5eJmoWz9,2411394705,H5eJmoWz9,4312480000000000.0,12/5/18,available,12/19/18,available,2169288.0,,china,uncensored
4732,德阳安医生国大地广，光明还没有洒向安医生的角落。应该会快了吧，依法治国，法治社会，不容践踏人权，不容漠视人命！相信国家相信法律会给安医生一个交代。举头三尺有神明，作恶多端终尝恶果！,9/2/18,http://weibo.com/2802690995/GxtoDs7aL,2802690995,GxtoDs7aL,4279780000000000.0,9/5/18,available,11/29/18,available,54.0,,hr,uncensored
22384,制裁美国驻华大使!制裁特朗普!O中央军委回应美制裁：召回计划访美的海军司令员,9/22/18,https://weibo.com/6178255713/GAE0aeajs,6178255713,GAE0aeajs,4287340000000000.0,9/26/18,available,12/1/18,available,84.0,,trump,uncensored
37572,十二公民中国版十二怒汉强推！不是所有人都懂法但不能失去了最基本的理性与责任“即便没有人关心真相，所有人只想发泄自己，但人言可畏，不要打着‘民主自由’的幌子侮辱了真正的真相。”,10/26/18,https://weibo.com/5217215762/GFHix5ZUS,5217215762,GFHix5ZUS,4299380000000000.0,10/30/18,available,11/29/18,available,171.0,,democracy,uncensored
865,2019年我向总理说句话许静请别再贱踏我那剩余不多的爱国之心！十三行许静杀人犯,12/20/18,https://weibo.com/2003465921/H8apUnYqt,2003465921,H8apUnYqt,4319470000000000.0,12/24/18,not available,12/25/18,not available,171.0,Permission Denied!,patriotism,censored
327,以前看到韭菜就还觉得幽默的笑笑，毕竟只是股市里。现在动不动就指代全体人民，实在是恶心。人类进化到社会以后，哪个时代，哪个地区不都是这么生活过来的。古典希腊时期人民不纳税了还是当今自由民主的美国不纳税了？秦始皇不征民夫修长城，隋炀帝不征民夫修运河，也许当时是好事儿，但是在历史的长河里，是坏事儿。觉得自己是韭菜的人，是不是抑郁啊，要不人死了就不是国家的韭菜和电池了。,12/9/18,https://weibo.com/2122762191/H6z3jtLiM,2122762191,H6z3jtLiM,4315650000000000.0,12/13/18,not available,12/16/18,not available,557.0,Permission Denied!,democracy,censored
37672,【基层动态】近日，本田摩托车研究开发有限公司工会被中华全国总工会授予“全国模范职工之家”荣誉称号。多年来，本田摩托车研究开发有限公司工会在上级工会的领导下，充分发挥工会的组织优势，充分履行职责，积极推进民主建设；不断加强职工队伍建设，逐步提升职工技能素质；深入开展送温暖活动，不断增强企业凝聚力；广泛开展劳动竞赛，促进生产工作提质增效。以维护职工权益为已任，以给职工建立一个和谐舒适的工作环境、积极解决职工后顾之忧为工作目标，真正做好职工代言人、娘家人。为丰富职工的业余文化生活，积极开展“职工之家”建设工作，配备娱乐设施和体育用品，组织职工参与文体活动，有力增强了职工的集体荣誉感和凝聚力，鼓舞职工以饱满的热情投入到工作中。被授予“全国模范职工之家”的荣誉，是对本田摩托车开发研究有限公司工会多年来着力企业与员工共同发展、构建和谐企业工作的充分肯定，企业工会将继续发扬务实作风，履职尽责，全心全意为职工办实事、做好事、解难事。,10/29/18,https://weibo.com/2792456300/H0ceI3P1u,2792456300,H0ceI3P1u,4300470000000000.0,11/2/18,available,11/29/18,available,4658.0,,democracy,uncensored
465,川普周五在“空军一号”专机上说：“我们正在谈论的2000亿美元可能很快就会发生。在某种程度上，这将取决于中国。我实在不想这么说，随后是另外2670亿美元，如果我愿意的话，可以在短时间内实行。”如果全部落实，那将意味着给中国出口美国的所有商品加税！,9/14/18,http://weibo.com/2032682983/GzebWpzWr,2032682983,GzebWpzWr,4283960000000000.0,9/17/18,not available,12/27/18,not available,1985.0,Permission Denied!,trump,censored
33093,罗瑞卿受到偌大恩宠，为何文革初来遭受到可怕厄运，拆遭迫害致残身死。【十位大将中唯一一位逝世后获降半旗致哀的是谁？】当消息传到国內，举国悲痛，当罗瑞卿骨灰运回国时，邓亲自到机场为他抬棺，为了哀悼这位人民的好公安，国家为他降半旗，他是十位大将中唯一一位逝世后降半旗哀悼的大将。（分享自O十位大将中唯一一位逝世后获降半旗致哀的是谁？,10/3/18,https://weibo.com/1374599765/GCjDMa6V6,1374599765,GCjDMa6V6,4291320000000000.0,10/7/18,available,1/1/19,available,552.0,,cr,uncensored
9914,【鲁迅中国小说史略钞】颓运方至，变故渐多；宝玉在繁华丰厚中，且亦屡与“无常”覿面，先有可卿自经；秦钟夭逝，自又中父妾厌胜之术，几死；继以金钏投井；尤二姐吞金；而所爱之侍儿晴雯又被遣，随殁。悲凉之雾，遍被华林，然呼吸而领会之者，独宝玉而已。,12/2/18,https://weibo.com/2712330293/H5tPqwhHp,2712330293,H5tPqwhHp,4313060000000000.0,12/6/18,available,12/19/18,available,1064.0,,china,uncensored
246,记|认识了小张的朋友一个希腊人我好想问他希腊是西方文明起源和民主滥觞成就远高于拉丁文学所以他作为现代的希腊人是否还有这样的民族自豪感小张怕我失望提醒我希腊让罗马人和土耳其人统治了那么多年早就不是希腊城邦那茬人了况且谁都不是历史的纵观者在时间线里从来都是依附存在我问他也不一定获得答案他的回答也不是答案想了想也对并不是每个人都有我的问题的答案的,9/19/18,http://weibo.com/2951318842/GA1X65LEL,2951318842,GA1X65LEL,4285870000000000.0,9/23/18,available,12/25/18,not available,1.0,Permission Denied!,democracy,censored
526,【关税飓风该来的还是要来】周日，CNBC在推特上援引一位高级政府官员报道称，到今天为止美国总统特朗普对价值2000亿美元的中国商品征收新关税已敲定，可能会在周一或周二公布。《华尔街日报》也说，特朗普最快周一宣布，向2000亿美元中国商品加征关税，但税率可能在10%，低于早前提出的25%。,9/17/18,http://weibo.com/1785476013/GzKvTEf7E,1785476013,GzKvTEf7E,4285200000000000.0,9/21/18,not available,12/27/18,not available,2344.0,Permission Denied!,trump,censored
746,不知为何，川普又跟共和党保守派评论家BillKristol撕逼了，发推嘲笑保守派杂志WeeklyStandard破产。有围观群众提醒川建国：你自己的生意破产过好几次了，怎么转眼就忘？,12/15/18,https://weibo.com/1980894733/H7tZdmi8z,1980894733,H7tZdmi8z,4317840000000000.0,12/19/18,not available,12/21/18,not available,5598.0,Permission Denied!,trump,censored
61,10:08FLASH:XI，TRUMPAGREETOSTOPIMPOSINGADDITIONALTARIFFS。（XinhuaNews）小财注：XI和特朗普同意停止进一步加征关税。之前的9月份，美国特朗普政府宣布，将于9月24日起对约2000亿美元的中国产品加征关税，税率为10%，并将在2019年1月1日起上升至25%。,12/1/18,https://weibo.com/2809099500/H5kZHqRpj,2809099500,H5kZHqRpj,4312720000000000.0,12/5/18,not available,12/16/18,not available,21171.0,Permission Denied!,china,censored
23917,美国现在有两党一教：民主党，以布什家族为例的被绑架的共和党，特疯邪教（以特朗普为例的伪富豪伪贵族共和党）。美国现在不是左派右派的问题，是：一群丢失了权钱地位的白种穷人（特朗普把他老爸的钱亏成负数），以共和党为根据地发起的造反，夺权夺钱）这就是本质。基本上，共和党被影响和绑架利用了，其实特疯邪教和共和党民主党都无关,10/7/18,https://weibo.com/1692715140/GCToFol9D,1692715140,GCToFol9D,4292690000000000.0,10/11/18,available,12/2/18,available,443.0,,trump,uncensored
15877,【足协副主席：新政是俱乐部自主选择】谈到即将出炉的财务新规，李毓毅直言：“中国足协没有想去限制任何俱乐部，今年一年和俱乐部沟通很多，足协一共调研过37个俱乐部，大家共同愿望的是游戏有一个公平的环境，而规范投入是促使公平的很重要的手段。”,12/18/18,https://weibo.com/5902965778/H7PB76wGy,5902965778,H7PB76wGy,4318670000000000.0,12/22/18,available,1/2/19,available,60955.0,,china,uncensored
12010,"华盛顿消息—美国总统特朗普对美中贸易谈判进展表示满意，并对两国在90天内达成经贸协议表示乐观。他星期五在推特上说：“跟中国的谈判进展非常顺利!特朗普在此前的一则推文中也曾对此表示乐观。他说：“中国商务部说方团队目前沟通顺畅、合作良好，我们对未来90天内达成协议充满信心。我同意。”美中两国领导人上月底在阿根廷G20峰会期间举行的晚宴上达成了贸易战休战90天的共识。中国商务部星期四表示，中方将立即落实中美双方已经达成共识的具体事项，并以取消所有加征关税为最终目标。在另一方面，特朗普的首席经济顾问库德洛星期五在接受美国商业新闻网CNBC采访时说，如果两国谈判取得良好进展，特朗普总统甚至考虑可以延长90天的期限""",12/7/18,https://weibo.com/2904943437/H6cZ8CcRv,2904943437,H6cZ8CcRv,4314800000000000.0,12/11/18,available,12/22/18,available,5461.0,,china,uncensored
897,和拥护流氓统治的人民谈素质？是不是蠢了点？既然是流氓国家，能随便没收土地、搞计划生育、搞三反五反，那人民素质也必然是低劣的，这应该是常识。比如美国。,11/18/18,https://weibo.com/2720683521/H3lAVjahS,2720683521,H3lAVjahS,4307980000000000.0,11/22/18,not available,12/28/18,not available,14000.0,Permission Denied!,fp,censored
744,最近的两个小观察：遇见几位生长于环京津地区的，非常之土，拍拍脑袋能掉土渣子，这种观念里的土根生蒂固；如果川普家的事儿是一部好莱坞电影，我这个白丁观众看到一半要开始啧啧下判断了：最大的反派肯定是女婿啊，看起来斯斯文文干干净净，其实暗黑又阴险。略累，说点闲话，,12/13/18,https://weibo.com/6549340828/H73qUaPBI,6549340828,H73qUaPBI,4316810000000000.0,12/17/18,not available,12/20/18,not available,13.0,Permission Denied!,trump,censored
3570,梁烈唯最佳男配角实至名归，这么多年不容易，因为爱国受了多少非议，好人有好报，唯唯加油,12/16/18,https://weibo.com/5337561301/H7ykih2IC,5337561301,H7ykih2IC,4318000000000000.0,12/20/18,available,1/1/19,available,95.0,,patriotism,uncensored
676,星期二，白宫国家经济委员会主任库德洛在白宫对媒体说，美中两国的政府“现在各个层面进行沟通。”他称这一进展是件“非常好的事。”库德洛还证实特朗普和CN领导人将于月底在布宜诺斯艾利斯会晤。他说，美方正在准备背景材料，希望能听到中方对美方过去半年左右时间里提出的要求有所回应。上个月，商务部长罗斯证实美中贸易谈判已经停止。美方表示，中方若不就美方提出的知识产权盗用、产业补贴以及市场准入设限等担忧作出切实的回应，贸易谈判就不会恢复。华尔街日报透露，特朗普政府正在评估中方提出的哪些种类的开放，是美方可接受的，包括农产品关税，技术转让，控制盗版，和保护知识产权等等。特朗普10月底曾表示，他认为有可能达成一项重大交易，他还称，倘若在阿根廷谈不拢，会在12月初再对2670亿美元的输美商品征收关税。,11/15/18,https://weibo.com/5666839797/H2SQAv8nP,5666839797,H2SQAv8nP,4306870000000000.0,11/19/18,not available,12/28/18,not available,43690.0,Permission Denied!,trump,censored
26,2019年我向总理说句话集中爆发就在这一两年之内我真的看到了许多不公的事从北电侯亮平到红黄蓝再到现在的广州十三行从来没有一个人给过我们一个合理的交代我看到了微博一次次地撤热搜看到了一个个势力在压制真相他们等着就是这些事渐渐地在我们脑海中忘掉以为这样就可以过上太平日子了然而凭什么呢他们自在逍遥了受害人呢他们的家属呢将一辈子笼罩在这个阴影下所以还望国家将这所有的事情彻查清楚给所有人一个交代还有透过这些事情我坚信这每件事的背后都存在着一条很大的利益关系链断掉一个这后面的事全完了请国家一定要把每一条链都弄清楚了否则会有更大的乱子2019了我希望国家越来越好许静广州十三行杀人广州警方辟谣小伙被扔下楼,12/20/18,https://weibo.com/1931867614/H8a692m9s,1931867614,H8a692m9s,4319450000000000.0,12/24/18,not available,12/24/18,not available,41.0,Permission Denied!,kindergarten,censored
5586,突然想起了当年n刷士兵突击的日子了，那真是一段……卧槽张。国。立在说什么？这股政治邪风刮的啊，真他妈恶心。说到美国的所谓“政治正确”，好歹是关乎黑人人权、女性权益，当世界谈到我们的政治正确呢？泯灭自我然后再踩踏别人的人格和生活吗？这他妈丢人啊嘿。8012年了啊。,10/13/18,https://weibo.com/1573799972/GDLiJjlvK,1573799972,GDLiJjlvK,4294770000000000.0,10/17/18,available,11/30/18,available,200.0,,hr,uncensored
760,普京为什么会这样？据克里姆林宫12月30日披露的信息，这个年末，66岁的普京至少写了五封信，分别给美国总统特朗普、英国首相特雷莎·梅、日本首相安倍晋三、叙利亚总统阿萨德，以及中国最高领导人。,12/30/18,https://weibo.com/5304758736/H9KrJqoJF,5304758736,H9KrJqoJF,4323230000000000.0,1/3/19,not available,1/3/19,not available,343.0,Permission Denied!,trump,censored
318,要不是怕给傻子招黑我早就怼回去了自己搞不清状况还非得抬杠找这些人来工地中国早就被建设得富强民主美丽和谐了,12/2/18,https://weibo.com/5291842599/H5qirxufl,5291842599,H5qirxufl,4312930000000000.0,12/6/18,not available,12/15/18,not available,85.0,Permission Denied!,democracy,censored
30270,许多专家和老百姓都小看特朗普了。特朗普虽然是个商人，但一定不要把他当作商人来看待。从他的经历就可以看出，他的最大理想就是当个政治家。他以前对日本恨之入骨，现在他对中国充满敌意，作为美国总统，他会想方设法遏制中国。,12/6/18,https://weibo.com/1835996093/H60SZnp7s,1835996093,H60SZnp7s,4314330000000000.0,12/10/18,available,12/21/18,available,183.0,,trump,uncensored
17851,孟晚舟曾在清华演讲中说过，勇敢不是不害怕，而是心中有信念。胜人者力，自胜者强。今天温哥华法庭举行的保释听证会，华为CFO孟晚舟，同样表现出一种令人印象深刻的气象：面临无理的拘扣和刁难，不惧、不畏、不怒，而是平静如水、从容自若、淡定自如！,12/10/18,https://weibo.com/1295499705/H6zMrv7kN,1295499705,H6zMrv7kN,4315680000000000.0,12/14/18,available,12/26/18,available,920.0,,meng,uncensored
888,大家要注意了，撤销计划生育相关机构，就意味着，你党准备撸起袖子在生孩子方面大干一场了。因为没有清算。,9/11/18,http://weibo.com/1676582524/GyQrweipI,1676582524,GyQrweipI,4283050000000000.0,9/14/18,not available,12/28/18,not available,934648.0,Permission Denied!,fp,censored
30326,美国（政府）为何“无视”气候变化协议？最重要的根本原因之一是美国在议会上通过的减税法案。（在特朗普上台初期）美国国会参、众两院顺利通过了修订后的减税法案，美国税改方案最终敲定并通过。个税降低了，企业税从35%降到了15%，企业外汇汇回美国的一次性利得税也从35%降到了10%。可以说，美国现在的税收比世界上其他有些国家的税收还低。但问题是相关的环保税也被压缩了。由此导致美国（特朗普政府）淡视了环保税，甚至，特朗普都不相信气候变化协议的必要性，更是说：我们应为美国负责，而不该为其他国家排放污染“买单”。因此，美国（政府）这样的做法遭到世界各国的反对。美国（政府）是以生命为代价赚取收益，最后是“有钱没命花”。得不偿失的。（美国有些影片常说一句台词：“现在能活者，也只剩下钱了，别的都没有了。”这是美国资本家在生命最后的时刻最真实的感慨）美国（政府）一方在重振经济，一方却极大伤害世界各国的利益。,12/6/18,https://weibo.com/2729294784/H64Ou3GtX,2729294784,H64Ou3GtX,4314480000000000.0,12/10/18,available,12/21/18,available,28367.0,,trump,uncensored
181,2019年我向总理说句话总理您好，我是一名遵纪守法的公民。我爱中国，爱这个和平的国家。可是最近广州十三行许静女老板雇凶杀人，没有一个媒体敢出来发声，广州越秀公安玩文字游戏，X浪一个劲的撤热搜，微信贴吧各种删帖屏蔽，请问一个人的后台是多么如此强大？如果今天的我们袖手旁观，那么明天就可能被施暴无援而绝望，我还是相信国家能给我们一个答案，一个真相。严惩恶人，不能让坏人逍遥法外。无权无势的我们就只能眼睁睁看着这个事被压下去，特别无力。而最后如果这真相被说成谣言那么真的是感到心寒。,12/20/18,https://weibo.com/1290386577/H8dKn7d64,1290386577,H8dKn7d64,4319590000000000.0,12/24/18,not available,12/25/18,not available,170.0,Permission Denied!,china,censored
775,孟晚舟保释听证会现场『孟晚舟保释听证会现场直击：国籍、控罪、激辩全纪实』O孟晚舟保释听证会现场直击：国籍、控罪、激辩全纪实,12/8/18,https://weibo.com/5081544105/H6gCgeati,5081544105,H6gCgeati,4314940000000000.0,12/12/18,not available,12/17/18,not available,574.0,Permission Denied!,meng,censored
