idx,content,pubdate,url,uid,pid,mid,testdate,status,retestdate,status_2,followers,error,topic,class,controversial,cap
39995,书里的世界好像和微博里的不一样。而且不是每天默念富强民主文明和谐世界就真的变成那这样了关于那谁判了那么多年我不知道怎么评论毕竟是社会需求带动了生产啊不懂只是看到有人说牢里蹲了一群画画写文的外面游荡了一群杀人强奸的心里有一点难过而已,12/17/18,https://weibo.com/6030414813/H7HwHDRC0,6030414813,H7HwHDRC0,4318360000000000.0,12/21/18,available,1/1/19,available,35.0,,democracy,uncensored,0.6363636363636364,0.18181818181818182
6282,成都清理禁养犬对这个国家好失望，这个禁止养大型犬，只能养一个的政策，与当年不让养二胎的何其相似。让我活生生失去了一个妹妹或弟弟。这个私事不是由个人决定的吗，中国。。。真的没有人权,11/15/18,https://weibo.com/3592244797/H2OpAhrZX,3592244797,H2OpAhrZX,4306700000000000.0,11/20/18,available,12/1/18,available,85.0,,hr,uncensored,0.6363636363636364,0.18181818181818182
809,挺有意思的原来高通是美国公司啊......这么看来怎么觉得只是高通和因特尔抢占5g市场，刚好赶上了孟晚舟的事情的东风，借个家国情怀.........都是人家的套路,12/19/18,https://weibo.com/5499188706/H814gBQpG,5499188706,H814gBQpG,4319110000000000.0,12/23/18,not available,12/24/18,not available,7.0,Permission Denied!,meng,censored,0.8181818181818182,0.18181818181818182
7924,【中国获联合国人口奖】那年今日1983年9月30日，在联合国举行了授予中国国家计划生育委员会主任钱信忠1983年度联合国人口奖的仪式。联合国人口奖包括一份获奖证书，一枚金质奖章和12500美元的奖金。,9/29/18,https://weibo.com/3940091141/GBHUc4cfQ,3940091141,GBHUc4cfQ,4289870000000000.0,10/3/18,available,1/2/19,available,400001.0,,fp,uncensored,0.36363636363636365,0.09090909090909091
6929,孟晚舟事件将会加强中国与伊朗，俄罗斯，德国法国等欧盟国家的合作和联系，加大各国之间利益合作，把孟晚舟事件提交联合国人权理事会。哈哈哈。,12/6/18,https://weibo.com/1913865677/H5Z7A1zIV,1913865677,H5Z7A1zIV,4314270000000000.0,12/10/18,available,12/21/18,available,452.0,,hr,uncensored,0.8181818181818182,0.09090909090909091
37941,印度北方邦，一名四岁女孩被蛇咬伤，送进医院急救，由奶奶照顾。11月3日夜，奶奶有事离开。一名医院工作人员和四名男子趁机轮流性侵了这名女孩！奶奶回来后发现异常，向警方报警。目前只抓到一只禽兽这就是公知年年必夸的最大民主国家，尼玛，才四岁，而且还是在医院，居然有五个人能干出这种事。,11/5/18,https://weibo.com/2624755655/H1jVpoC1m,2624755655,H1jVpoC1m,4303150000000000.0,11/9/18,available,11/29/18,available,1746503.0,,democracy,uncensored,0.9090909090909091,0.09090909090909091
473,友情提醒：特朗普说：“.....没有与中国达成贸易协议的压力，他们有与我们达成协议的压力......我们的市场在飙升，他们的市场正在崩溃....”点评：特朗普以为中国股市崩盘了会给中国带来达成协议的压力，真是一个可爱老头啊！你在意股市，是因为投资者可以投票决定谁当总统，所以股市在美国很重要。股市在中国，就是服务实体经济的....明白吗？就算跌到2000，只要可以继续发新股融资服务实体经济，都是健康的，明白吗？特朗普上上周咋咋呼呼上周要打2000亿，后面还要跟2670亿，可是这边根本没人搭理他。说好的2000亿，没下文了。今天说这话是不打自招，他肯定着急了。四处开战，一根硬骨头没啃下，距离11月6号不远了，能不急吗？走路上也有被撞的风险，喝凉水也有塞牙的时候。我反正按照我的逻辑行动了，今天尽量调仓加强进攻。不过，特朗普这个人反复无常，即便接下来可以达成协议，不排除他是为了中期选举做出的妥协，中期选举后翻脸继续干。所以，虽然是加强进攻，总仓位原则上以本金满仓为限，出击的目标以中小超跌为主，但尽量选择风险可控的ETF。,9/14/18,http://weibo.com/3953142551/Gzhkbeu7z,3953142551,Gzhkbeu7z,4284080000000000.0,9/17/18,not available,12/27/18,not available,25719.0,Permission Denied!,trump,censored,0.5454545454545454,0.0
797,放弃孟晚舟，就是放弃中国的未来！O放弃孟晚舟，就是放弃中国的未来！,12/13/18,https://weibo.com/1750360085/H79elzGLl,1750360085,H79elzGLl,4317040000000000.0,12/17/18,not available,12/21/18,not available,504114.0,Permission Denied!,meng,censored,0.9090909090909091,0.0
27040,外围的形式不影响境内的股市，但如果要向好，也需要外力添加一把冬天里的火，烧到春天里！7号折腾的中期选举就结束了，政客们闹完这个都会集中精力抓经济干正事。从目前来看，参院都预计会保持优势，估计还会扩大55：45？预计特朗普会得到蒙大拿，艾奥瓦，俄亥俄，伊里亚诺，西弗吉利亚，印地斯安娜等系列的原有席位和扩大4个席位左右；众院也说不清，也许只有微弱的几个席位差距，会否出现关键性的中间独立派，谁都没有优胜席位？这世界意外也多。这对近期的美股美债调整很重要，虽然这已经不太影响国内的股市，还是在汇率和其他联动下有比较大的影响。美国的重点是苹果和亚马逊的市值过大，出现体量泡沫，类是过去的两桶油还会带动纳指等继续调整。美债收益率重返320以上，这美元指数已经不堪重负？加息缩表贬值的三元模式结构的美元会否这样？股债怎么走？油市会否掉头再往100美元以上？这都要等7号不出意外之后才能确定。一个四处退群的老川普，如果在国内在成为完全的跛鸭，那美国的经济向好不能持续，出现问题给世界经济的破坏会很大。国内股市强劲修复和反弹才开始，仅仅是暂时的调整。但力度有多大？外资们持续的从美股美债流出，会否继续的向上周五那样猛烈抄底偷袭？这最危险的热钱流入国内市场造成大幅度波动还是个比较大的风险！后市操作我发在了公众号“鬼才谈市”自己看『鬼才谈市』O心神不宁,11/6/18,https://weibo.com/5731245808/H1rPdqaEf,5731245808,H1rPdqaEf,4303450000000000.0,11/10/18,available,12/11/18,available,12471.0,,trump,uncensored,0.45454545454545453,0.0
81,挺服中国教育的。说要重视思想品德，弄本密密麻麻套话文字书，你背吧，考试要闭卷考的，你的内心？谁关心？阅卷老师不听；说要发展乐器，中考加了葫芦丝，弄得孩子大早晨五点半开始吹吹吹；说要读名著，（比如西游记）布置下来每天读哪本的哪些，还挺好，结果再给你来一句：哪章到哪章各写一篇读后感。我读后感你个锤子？我有什么感悟？说实话有些名著能给人的启发…真的很勉强全面发展是这么发展的吗你告诉我，你还不如全心全意当个书呆子，别搞这些花里胡哨依旧枯燥的东西，我就闭嘴了。不过再想想这人这么多，竞争这么激烈，中国教育也就这样了。只能叹息吧。,12/5/18,https://weibo.com/5032681210/H5V2ipDKh,5032681210,H5V2ipDKh,4314110000000000.0,12/9/18,available,12/21/18,not available,461.0,Permission Denied!,china,censored,0.7272727272727273,0.0
338,讲改革的成果，开口便是比改革前富了。是富了，但人均纯收入排名下降，基尼指数急升，只富了极少数人；是富了，但搞得人心水土气食全毒，成为不宜生存之地，有些已万劫不复，成本大于收益；是富了，但阶层固化，人口老化，贪腐无孔不入；是富了，平等自由民主法治公正有何进步？权利有何保障？权力有何制衡？没有这些方面的改革，改革是失败的，无功可吹。回到这样的改革，没有希望。要改，就改成自由平等民主法制公正。,12/18/18,https://weibo.com/1293968875/H7V7tdB2h,1293968875,H7V7tdB2h,4318880000000000.0,12/22/18,not available,12/23/18,not available,65627.0,Permission Denied!,democracy,censored,0.9090909090909091,0.18181818181818182
417,昨晚看到的黄逸豪关于同志的脱口秀视频片段，刚刚看已经被和谐了...,10/24/18,https://weibo.com/1711807281/GFmZF1Mlv,1711807281,GFmZF1Mlv,4298600000000000.0,10/28/18,available,1/2/19,not available,85.0,Permission Denied!,propaganda,censored,0.5454545454545454,0.18181818181818182
259,是这样子的一到央视的舞台上男孩子们就是上交给国家的社会主义接班人了表现出来的样子都特别富强民主文明和谐积极向上笑起来有一种和平时表演不同的朝气有一种属于祖国的生机那种能唤起人听到红歌时有的感觉我妈在旁边：怎么跳都不跳一下诶嘿结束啦？,10/1/18,https://weibo.com/3701388380/GBWjXEUfx,3701388380,GBWjXEUfx,4290420000000000.0,10/5/18,available,12/26/18,not available,106.0,Permission Denied!,democracy,censored,0.36363636363636365,0.09090909090909091
278,我一直以为自己生活在一个“相对”民主自由开放的家庭，并且引以为傲。直到今年这个家庭开始频繁地用我的年龄间接或者直接地逼迫我做一些没有意义的事，我才发现这个“相对”有多狭隘。我不知道自己会不会妥协，也不知道妥协的这一天离我有多远，我只知道我现在很愤怒很失望很烦躁很无奈！（摔桌）,10/30/18,https://weibo.com/1763451852/H0ot9stMA,1763451852,H0ot9stMA,4300940000000000.0,11/3/18,available,12/26/18,not available,352.0,Permission Denied!,democracy,censored,0.36363636363636365,0.09090909090909091
18996,加拿大外长说中国可能已经拘捕了第二名加拿大公民，我觉得大家不要过度解读，我们是法制国家，跟孟晚舟事件无关，我们只是正常的执法而已，如果还有加拿大人在中国违法，不排除还有第三第四……门前大桥下游过一群加拿大鹅，快来快来数一数，24678……,12/12/18,https://weibo.com/3966058665/H70UUEmSg,3966058665,H70UUEmSg,4316720000000000.0,12/16/18,available,12/27/18,available,16121.0,,meng,uncensored,0.36363636363636365,0.0
806,有人在推特爆料：某高官夫人去加拿大被拒签，还爆料，这位高管在加拿大有两处豪宅。这说明，孟晚舟事件在升级。,12/18/18,https://weibo.com/1734201760/H7PiMl355,1734201760,H7PiMl355,4318660000000000.0,12/22/18,not available,12/23/18,not available,1074682.0,Permission Denied!,meng,censored,0.36363636363636365,0.0
19290,孟晚舟给家门口记者们点披萨某些在中国的加拿大人只知道疯狂敛财对我说的就是吴亦凡就那个充电宝,12/13/18,https://weibo.com/1913563451/H75g1Cjsj,1913563451,H75g1Cjsj,4316890000000000.0,12/17/18,available,12/28/18,available,305.0,,meng,uncensored,0.6363636363636364,0.0
16570,想做一个专题，访问一下中国式父母是如何适应朝夕相处的孩子突然上学去了、突然住校了、突然远行了、突然可以离开自己在遥远的地方独自生活了的内心世界,12/19/18,https://weibo.com/1704067963/H85krchCw,1704067963,H85krchCw,4319270000000000.0,12/23/18,available,1/4/19,available,285191.0,,china,uncensored,0.2727272727272727,0.0
839,我真的超想买华为，但是才出来上班，太穷了，爱国的心我一直都有,12/12/18,https://weibo.com/5326804031/H70bj9xK8,5326804031,H70bj9xK8,4316690000000000.0,12/16/18,not available,12/17/18,not available,114.0,Permission Denied!,patriotism,censored,0.2727272727272727,0.0
28803,英法应当是主权国家，政治独立的，不受任何人摆布！《英法》这样做就对了，能挣钱的为什么不挣，在封锁几年，想卖给中国，中国以自主生产了，这就是英...【继英国后，又一欧洲大国要对华转让关键技术，特朗普傻眼了!】O继英国后，又一欧洲大国要对华转让关键技术，特朗普傻眼了!,11/26/18,https://weibo.com/3005326470/H4ssKlF8m,3005326470,H4ssKlF8m,4310630000000000.0,11/30/18,available,12/11/18,available,11.0,,trump,uncensored,0.5454545454545454,0.0
398,内向的人在国内没人权。在国外也没人权。我还是去芬兰吧。,12/18/18,https://weibo.com/2716070421/H7OxxsC2R,2716070421,H7OxxsC2R,4318630000000000.0,12/22/18,available,1/4/19,not available,123.0,Permission Denied!,hr,censored,0.6363636363636364,0.09090909090909091
23152,中美贸易战川普的国际关系牌围着中国打。传统日韩不必说，先搞萨德，再直接上手平壤，打台湾牌，打南海牌分化东盟，往西一直拉拢印度。在中东地区重点打压伊朗，拉拢以色列和沙特。中东是一带一路的战略要地，川普不顾前任政治遗产，撕毁伊核协议，重启制裁，就是要在一带一路中间横切一刀，主导中东。可惜，川普的算盘恐怕打起来容易，实现起来难，国际形势变了，美国的相对优势与20年前弱了。川普打伊朗牌，恐怕难有大收获，顶多把油价搞上去，趁机多卖点石油。,9/29/18,https://weibo.com/1456459070/GBDA7w6GI,1456459070,GBDA7w6GI,4289700000000000.0,10/3/18,available,12/2/18,available,547.0,,trump,uncensored,0.6363636363636364,0.09090909090909091
886,虽然对于wannaone的解散也有点伤感。但是对于某些混韩圈的人踩一捧一的行为真的很难理解。嗯，我还是爱国的。,12/30/18,https://weibo.com/5243469029/H9KvM46DC,5243469029,H9KvM46DC,4323240000000000.0,1/3/19,not available,1/4/19,not available,787.0,Permission Denied!,patriotism,censored,0.8181818181818182,0.2727272727272727
387,西国真心没人权东国要打进来全靠义愤填膺的北国盟友们帮着堵西国国门还真没想到我挑的这线竟然要开国战,11/25/18,https://weibo.com/2152913193/H4ksfr0Z7,2152913193,H4ksfr0Z7,4310320000000000.0,11/29/18,not available,12/16/18,not available,110.0,Permission Denied!,hr,censored,0.6363636363636364,0.18181818181818182
675,在支付宝首页为实力派演员潘粤明打call，搜索编号563815780，增加能量值，顺手领红包，落后有点多，希望大家支持最好的潘潘，爱国的潘潘，他值得更多的关注，不要让他再受委屈了，好演员不应该也不会被埋没，一起加油。,12/2/18,https://weibo.com/6439249684/H5owYFxIc,6439249684,H5owYFxIc,4312860000000000.0,12/6/18,available,12/19/18,available,257.0,,patriotism,uncensored,0.2727272727272727,0.0
715,中美贸易战摁下了暂停键，从双方态势来看，美国是挑战方，中国是应战方，美国主战，中国主和，现在美国的国内形势使得特朗普团队有点急了，因为之前的战况没有达到特朗普们所希望的目标，反之则要影响选票了，11月1日特朗普主动打电话到12月1日达成“共识”，跌宕起伏，扣人心弦，比电视剧精彩多了，估计未来90天（不到）将更精彩。,12/3/18,https://weibo.com/1704632065/H5DqG4Bre,1704632065,H5DqG4Bre,4313430000000000.0,12/7/18,not available,12/16/18,not available,1494.0,Permission Denied!,trump,censored,0.45454545454545453,0.0
383,每次一到这种时候我都觉得困惑。首页上很多人怒骂讥讽，人家就是开放多元！人家就是言论自由！人家就是讲究人权！你们特别不喜欢这里对吧？觉得它烂透了，要改的地方有太多对吧？但是你们除了在网上打打擦边球说说你国走国这种词以外还干嘛了？不过是吸引了一群跟你们一样的乌合之众打打嘴炮罢了。那两个学生做的事情你们不是不知道对吗，这两天一位女士勇敢亮出自己亲身经历为另一位女士发声的事情你们不是不知道吧？我觉得你们和这些勇敢的人的诉求都是一样的啊，可你们为什么表现出来就像个懦夫呢？别说做什么都没用，别说不会有任何改变，重要的是你有没有尝试过去改变，还是又要在网上过嘴瘾线下生活依然开心享受这个地方为你提供的一切。,11/17/18,https://weibo.com/1650851125/H3cpt2vyH,1650851125,H3cpt2vyH,4307630000000000.0,11/21/18,not available,12/31/18,not available,8701.0,Permission Denied!,hr,censored,0.8181818181818182,0.09090909090909091
51,受害者朋友发的证据第二张图说不要让中国人再受蒋劲夫蒙蔽了我感觉这位还是觉得我们网络上的喷子只是被错误信息干扰了本质还是分得清是非的哎感谢这么想但...很多国人在这件事上根本没有独立思考能力看见是“日本人”还有蒋劲夫方空口白牙说的“7p”就高潮了现在摆出来证据还有洗地狗说牙齿像假的以往很多令人震惊难过的事情至少微博上的舆论还是能反射正常的属于现代文明的观念的而这次也不知道是东亚劲夫请了太多水军还是...那些支持蒋劲夫支持受害者有罪的网民还有那些恶心的明星看着这些蠕动得神采奕奕的蛆我都要吐了,11/29/18,https://weibo.com/5896117591/H4ZTR7h98,5896117591,H4ZTR7h98,4311910000000000.0,12/3/18,not available,12/16/18,not available,26.0,Permission Denied!,china,censored,0.6363636363636364,0.18181818181818182
13112,这种中国人在洋人面前跪太久了，双腿已经退化迨尽，根本不可能再站起来了，居然把美、加如此＂绑架＂孟晚舟也称为高级文明，这种孙子遇到强盗都有可能赔着笑脸把亲娘妹子献上O中国应该反思怎样和文明世界打交道,12/11/18,https://weibo.com/1400887105/H6KckjcA9,1400887105,H6KckjcA9,4316080000000000.0,12/15/18,available,12/26/18,available,5371215.0,,china,uncensored,0.9090909090909091,0.18181818181818182
26637,有消息显示，中美贸易摩擦正在向积极方向发展，全球市场应声大涨！新华网援引彭博社消息指出，四名知情人士透露，美国总统唐纳德·特朗普希望在11月底于阿根廷举行的G20峰会上与中国就贸易问题达成协议，并已经要求美国主要官员开始起草可能的条款。O特朗普寻求G20峰会与中国达成贸易协议，多头罕见连续逼空,11/2/18,https://weibo.com/1664176597/H0Ph80lP5,1664176597,H0Ph80lP5,4301970000000000.0,11/6/18,available,12/10/18,available,1557148.0,,trump,uncensored,0.18181818181818182,0.09090909090909091
9149,你不知道的百度APP异业合作，一个App内搞定一切，小程序将成为移动互联网的基础设施。百度通过开源让所有App都能用上智能小程序，这是中国互联网拥抱小程序的最佳姿势。,11/30/18,https://weibo.com/2799621212/H5ctZDeEF,2799621212,H5ctZDeEF,4312400000000000.0,12/4/18,available,12/19/18,available,2082538.0,,china,uncensored,0.45454545454545453,0.09090909090909091
32293,我的文革印象：我的家乡在苏北的一个县城，文革后期给我最深印象的一件事是看儿童连环画。由于自小就喜欢听大人讲故事，因此各种古代英雄人物始终印在自己的脑海里。稍大一点之后，具备了基本的阅读能力，自己就开始到处寻找这些故事书看。在我们的小学和初中阶段，学校学的都是谁万岁，某某英雄事迹，很难找到适合自己年龄的、自己真正崇拜的英雄故事书。一次偶然的机会，在县城老城的一座白墙灰瓦的老式建筑中，看到一对年老的夫妇家里有很多儿童连环画。画册都收藏的非常完整、精美，每册书之外还专门做了一个外套。更值得高兴的是，老人家里的连环画册非常完整。什么三国演义、水浒传、西游记、岳飞传、隋唐演义等等等等。几乎我听过的故事都能在此找到。老人对我们出租连环画册，每本两分钱。从此，我的周日就有了固定的地方。自己把平时大人给的零花钱都用在这里了。有时是一早过来，连中午吃饭都不知道回去。时间久了，家里人也知道了这个地方，找不见我也会固定找到这里来。再后来的一天，那家房子的老人过世了，但附近的连环画册出租点好像到多了起来。也许这就是我最初感觉到的市场经济啦。,9/3/18,http://weibo.com/1434299874/GxH2tzAMk,1434299874,GxH2tzAMk,4280300000000000.0,9/6/18,available,12/31/18,available,30916.0,,cr,uncensored,0.2727272727272727,0.0
36671,中国矿业大学质疑新生仅接触不到一个月就民主推荐入党积极分子的名额，其随机性大于科学性。,9/29/18,https://weibo.com/1282034405/GBFQltg0z,1282034405,GBFQltg0z,4289790000000000.0,10/3/18,available,11/28/18,available,1251.0,,democracy,uncensored,0.36363636363636365,0.09090909090909091
22845,比起美国的那些暗矬矬的“民主资金”，中国这样公开评说，够“正大光明”了吧。双标的精神美人，你们还怎么洗？中国媒体在美国打广告，特朗普急了-观察者网O中国媒体在美国打广告，特朗普急了,9/26/18,https://weibo.com/2606753830/GBgJ1nWH0,2606753830,GBgJ1nWH0,4288820000000000.0,9/30/18,available,12/1/18,available,300.0,,trump,uncensored,0.36363636363636365,0.0
20194,这些天身陷囹圄又备受瞩目的一位中国公民。自12月1日，她在加拿大被美国长臂执法拘捕，到12月6日这一消息震惊中国，再到12月11日她在多伦多获准保释，都引发了全网、全国乃至全世界的关注。“我在温哥华，已回到家人身边。我以华为为傲，我以祖国为傲！谢谢每一位关注我的人。”这是12月13日，孟晚舟获释的一条朋友圈。寥寥数语，道出了人情冷暖：中美贸易战的拘押人质也好，中企明珠华为的副总裁也好，异国他乡，失去自由，身陷险境之时，最想回到的地方是祖国，最为牵挂的人们是家人。O再谈孟晚舟事件：你讨厌的中国，正千方百计地救我,12/17/18,https://weibo.com/1915044952/H7MnPFGlz,1915044952,H7MnPFGlz,4318540000000000.0,12/21/18,available,1/1/19,available,21779.0,,meng,uncensored,0.6363636363636364,0.0
31120,特朗普上台后花掉了不少钱，花的钱是去搞基建了，他就是在学中国政府的做法。他是对的，可惜体制不允许他花太多的钱，而且美国政府没有余钱给他去花。中国数十年一直孜孜不倦地搞基建，民主国家没有这种始终如一的长期规划能力。无论做啥，对手都会攻击。长期投资都没法做。这是民主体制的劣势。,12/13/18,https://weibo.com/5511070435/H71PyAMSb,5511070435,H71PyAMSb,4316750000000000.0,12/17/18,available,12/28/18,available,5061.0,,trump,uncensored,0.7272727272727273,0.09090909090909091
12147,2018年12月7日，中国科技公司华为创始人任正非的女儿、首席财务官孟晚舟的保释听证会在卑诗省最高法院举行。经过长达数小时的争辩，截至发稿时，法庭出现第一次休庭，还没有就保释案做出裁决。加拿大刑法改革与刑事政策国际中心高级研究员、原澳门圣若瑟大学副校长杨诚教授表示，12月1日孟晚舟在温哥华机场转机时被加拿大逮捕如果是基于美国的引渡请求，则需要了解加方采取行动的法律依据。按阴谋论随意猜测所谓政治背景，甚至指责加拿大对美方马首是瞻，将无助于问题的解决，还会对中加合作的大局产生不良影响。杨教授表示，加拿大是有司法主权和实行法治的国家。就孟晚舟事件而言，根据美加引渡条约的规定，美方在事发前必须通过外交渠道向加拿大提出逮捕的要求，并且还要向加方说明理由并提供相关资料。根据美加引渡条约，双方有义务相互引渡涉嫌犯罪的人，但是，一方向另一方请求逮捕某人以便引渡须满足三个法律条件：第一，请求方所指控的必须是按美加两国的法律都构成犯罪的事实。如果相关行为按美国法律是犯罪而按加拿大法律不是犯罪，加方就不会接受请求。第二，所指控的这种犯罪按两国的法律都能判处一年以上监禁。也就是说，美方指控的犯罪不能是轻微的犯罪。第三，请求方要提供指控的犯罪事实和法律对相关罪名和刑罚的具体规定。所以，加拿大警方不会在未经过渥太华批准、没有加拿大的法律根据或者不知道美方指控的罪名、犯罪事实和可能判处的刑期的情况下，仅仅根据美方的要求就逮捕孟晚舟。换言之，可以肯定，即便加拿大逮捕孟晚舟是根据美方的请求，同时也是根据本国的法律和国际条约。有消息指这次美方请求引渡是因为华为违反了有关制裁伊朗的禁令。应该指出，美加两国都有法律明确规定违反制裁伊朗的禁令可构成严重的刑事犯罪。所以，不能说这次逮捕行动的法律依据仅仅是美国的国内法。杨教授说，应该注意到华为已经发表声明，保证遵守有关国际法和美加两国的法律，并且相信此事会得到公正的处理。这个态度值得肯定。他说，根据加拿大的引渡法和美加引渡公约，加拿大政府应当在“证据充分”的条件下才能批准引渡请求。而且，如果引渡是基于政治原因，就应当拒绝引渡。所以，他相信，加拿大政府和法庭会依法处理孟晚舟事件，而当事人现在应该做的是聘请律师准备诉讼。,12/7/18,https://weibo.com/1710223617/H6fcldJAL,1710223617,H6fcldJAL,4314880000000000.0,12/11/18,available,12/22/18,available,28405.0,,china,uncensored,0.7272727272727273,0.09090909090909091
781,似有玄机，偏偏是华为，偏偏是孟晚舟，偏偏是张首晟，偏偏是芯片，偏偏是火灾，偏偏是光刻机，偏偏是米国，偏偏是加拿大，偏偏是有引渡条约，偏偏是同一天，似是巧合，似是命中注定，也或是大国博弈。O华为CFO孟晚舟被加拿大扣留情况是不是很复杂？,12/8/18,https://weibo.com/6088405229/H6lpDoRBK,6088405229,H6lpDoRBK,4315120000000000.0,12/12/18,not available,12/17/18,not available,429.0,Permission Denied!,meng,censored,0.8181818181818182,0.09090909090909091
14112,（转）中国教育最大失败之处，不教孩子独立思考的能力，不教孩子正常的逻辑思维能力，不教孩子反省质疑的能力。所以教育到最后就是培养了一大批复印机、复读机。,12/13/18,https://weibo.com/1320153481/H75mQajnL,1320153481,H75mQajnL,4316890000000000.0,12/17/18,available,12/28/18,available,303732.0,,china,uncensored,0.6363636363636364,0.0
333,广州十三行老板杀人改革开放40年了，广东一直是国内公平民主正义的领头，广州公安还社会一个真相，还平民一个公道，请不要草草了事。,12/17/18,https://weibo.com/5521686235/H7IkWq5Fr,5521686235,H7IkWq5Fr,4318390000000000.0,12/21/18,not available,12/22/18,not available,1219.0,Permission Denied!,democracy,censored,0.7272727272727273,0.18181818181818182
636,粽男孩的大大们知道杨永信吗？他们发话有用吗？他发话有用吗？川普推特是他自己发的吗？他会看评论吗？【这个时候真希望自己能直达天听，甚至是他的上下铺兄弟。我的室友们啊，苟富贵...,11/4/18,https://weibo.com/6555017817/H1a35a0jF,6555017817,H1a35a0jF,4302770000000000.0,11/8/18,not available,12/28/18,not available,127.0,Permission Denied!,trump,censored,0.36363636363636365,0.09090909090909091
21748,$上证指数sh000001$特朗普昨晚邀功，说中国市场是他给搞崩的，打脸了吧，明明我们自己搞崩的。,9/14/18,http://weibo.com/1588157994/Gzi99vVGP,1588157994,Gzi99vVGP,4284110000000000.0,9/17/18,available,12/1/18,available,997.0,,trump,uncensored,0.8181818181818182,0.09090909090909091
38450,翻了很多俞老师新闻的言论。李光耀说亚洲很多国家和中东很多国家并不需要民主和言论free是很正确的，确实不需要所有人都有言论free。,11/18/18,https://weibo.com/3777895565/H3lcNATaL,3777895565,H3lcNATaL,4307970000000000.0,11/22/18,available,12/17/18,available,293.0,,democracy,uncensored,0.9090909090909091,0.2727272727272727
352,今天是今年上班的最后一天，八戒决定召集身边的工作同志开个民主生活会。八戒先自我检讨了一下，给会议戴个帽，定个调，说整个2018年感觉自己有点软，希望新的一年会硬起来。然后两个秘书发言，陈露，就是那个玉体横陈的陈，露水夫妻的露说：领导，你不是软和硬的问题，你造吗，你是该硬的时候硬不起来，该软的时候软不下去。另一个秘书金露，就是金风玉露一相逢，便胜却人间无数的露说，刚才头疼姐，嗯，不是，陈姐说得对，领导你要一手软，一手硬，不能五个手指头都硬。八戒说，这会没法开了，你们让我哭会儿去。,12/28/18,https://weibo.com/1649339801/H9sorrraz,1649339801,H9sorrraz,4322540000000000.0,1/1/19,not available,1/1/19,not available,13697.0,Permission Denied!,democracy,censored,0.5454545454545454,0.09090909090909091
1905,我也就混口饭吃，大佬别把盘子搞小了大家不买账以后我没有爱国荧光棒,12/10/18,https://weibo.com/3219549823/H6E4HbmMk,3219549823,H6E4HbmMk,4315840000000000.0,12/14/18,available,12/25/18,available,49347.0,,patriotism,uncensored,0.5454545454545454,0.0
298,后天就是台湾九合一选举了，特意去外网上看了一下，我实在是忍不住有必要吐槽湾湾一下。一方面对大陆说是要保持不排斥统一的暧昧关系，一方面还时不时地炫耀说是要坚守台湾价值，民主自由的权利；一方面对大陆说是要继续和台湾打交道做生意，不能孤立我们；一方面还谩骂大陆是利用经济融合，做着政治统战伎俩。这不是诈骗集团，什么是诈骗集团？是湾湾把大陆当傻子还是湾湾精神有问题，难道还要大陆为你们的台独错乱鼓掌吗？真是笑死我，一到选举时候就说是大陆干扰，破坏，与打压；以后大陆不理你们了，我看你们还能蹦跶什么。。。,11/22/18,https://weibo.com/5384754742/H3Q2mo6EV,5384754742,H3Q2mo6EV,4309150000000000.0,11/26/18,not available,12/15/18,not available,83.0,Permission Denied!,democracy,censored,0.9090909090909091,0.18181818181818182
10035,祖国确实是日渐强大了一些搞外事的人员应该是深有感触曾经高贵的一塌糊涂的欧猪国家及贵族现在也主动放下身价跟我们谈合作谈未来我们也会识时务的输出自己的产品、自己的价值观、自己的理念等你到各大航空枢纽转一转黑眼睛黄皮肤的中国人遍布地球的角角落落这一切的一切、多少年来都是他们给我们输出现在也该轮到我们给他们输出了世道好轮回、苍天何曾辜负谁？整天黑中国的、要么脑残？要么别有用心？,12/3/18,https://weibo.com/1723144472/H5vNK4tVH,1723144472,H5vNK4tVH,4313140000000000.0,12/7/18,available,12/19/18,available,106975.0,,china,uncensored,0.7272727272727273,0.09090909090909091
1529,矮三的黑称居然是爱国，我对矮三产生了怜爱之情。,12/8/18,https://weibo.com/1733779647/H6iNNpBT5,1733779647,H6iNNpBT5,4315020000000000.0,12/12/18,available,12/23/18,available,3123.0,,patriotism,uncensored,0.5454545454545454,0.09090909090909091
18267,孟晚舟保释听证未得出结论虽然你不认识我，但我会不由自主地为你抱不平。因为，我是中国人。,12/11/18,https://weibo.com/6452372837/H6Kuc7oPV,6452372837,H6Kuc7oPV,4316090000000000.0,12/15/18,available,12/26/18,available,131.0,,meng,uncensored,0.45454545454545453,0.0
939,我妈他们50后这一代人是真的苦。三年自然灾害、文革都经历过了。舍不得钱。什么都嫌贵。什么都舍不得扔。爱攀比。别人家的孩子永远比自己孩子好。仇恨日本。始终相信结婚生子=圆满、单身=残缺。我觉得，一生想不通，是他们最大的苦。,11/28/18,https://weibo.com/1244204600/H4NPe9DWj,1244204600,H4NPe9DWj,4311450000000000.0,12/2/18,not available,12/13/18,not available,1780.0,Permission Denied!,cr,censored,0.36363636363636365,0.0
846,非市场经济体，成天说自己是市场经济，明明一切都有幕后推手，非说是人民的意志。华为粉丝帮着高通打苹果，于是垃圾手机厂商，纷纷打着爱国牌，开售高价手机……很屌很屌,12/16/18,https://weibo.com/2406485054/H7vTKxk8z,2406485054,H7vTKxk8z,4317910000000000.0,12/20/18,not available,12/21/18,not available,300.0,Permission Denied!,patriotism,censored,0.8181818181818182,0.0
21621,看到这一定高兴！据《恐惧》曝料，白宫前经济顾问科恩（GaryCohn）曾警告特朗普，“美国有96.6%的抗生素都是从中国进口。比如青霉素在内的9种常见抗生素，美国国内都没有生产。科恩认为，特朗普的贸易战将中国药企定位目标，实际上是在给美国“掘坟”。,9/12/18,http://weibo.com/1163143843/Gz1ANjN7Z,1163143843,Gz1ANjN7Z,4283480000000000.0,9/15/18,available,12/1/18,available,7630.0,,trump,uncensored,0.2727272727272727,0.09090909090909091
912,看了乌小花写的《文革四人帮罪恶的民族政策》，倒觉得取消民族工作部门、民族区域自治非常好。现在是公民社会，公民人人平等，且有空间自由迁徙权，所以，民族区域自治从根本上违背了公民社会的本质特征，使民族区域固化，使公民因族群而人为变得不平等。顺便而言，长期以来，所谓民族的才是世界的，根本也是谬论。民族的东西，如果脱离了世界和社会潮流，就会丧失内在生命，变成一种形式上的标本存在。因此所谓民族的就是世界的，这从根由上是不具有科学性的。,10/8/18,https://weibo.com/1228625762/GCXjd2phS,1228625762,GCXjd2phS,4292840000000000.0,10/12/18,available,12/24/18,not available,4537.0,Permission Denied!,cr,censored,0.7272727272727273,0.09090909090909091
909,与文革时期在马路边上的宣传画非常类似……O【视界】纳粹的宣传画，你见过吗?（供批判用）,10/3/18,https://weibo.com/2330040045/GCjn25Bjt,2330040045,GCjn25Bjt,4291310000000000.0,10/7/18,available,12/24/18,not available,5373.0,Permission Denied!,cr,censored,0.6363636363636364,0.09090909090909091
27739,占豪：在法国，特朗普与普京的互动太有意思了！O在法国，特朗普与普京的互动太有意思了！,11/12/18,https://weibo.com/2857606391/H2qzN5pFe,2857606391,H2qzN5pFe,4305790000000000.0,11/16/18,available,12/11/18,available,5593.0,,trump,uncensored,0.2727272727272727,0.0
4564,听见你的声音翻拍真的求求一些编剧导演别翻牌韩剧了，不是不爱国，而是翻拍出来的都毁原剧！！！,12/20/18,https://weibo.com/5977528729/H893p4JNu,5977528729,H893p4JNu,4319410000000000.0,12/24/18,available,1/4/19,available,125.0,,patriotism,uncensored,0.45454545454545453,0.0
0,儿子在天堂bd，另外豫章书院关门了吗？杨永信被医院开除了吗？红黄蓝幼儿园的24h监控怎么样了？滴滴还有人用吗？以后会不会出现biubiu打车哒哒打车呢？,8/29/18,http://weibo.com/5385028556/GwQJvy6Er,5385028556,GwQJvy6Er,,9/1/18,available,11/27/18,available,25.0,,kindergarten,uncensored,0.5454545454545454,0.18181818181818182
700,特朗普取消与普京会晤两次世界大战证明美国目前再怎么离谱也不是一个邪恶国家，因此充当世界老大虽然部分国家不服，但也算目前最适合的选择。而俄罗斯恰恰相反，不顾世界局势和国内经济发展，是一个不断挑事国家，普京的强硬让部分中国人感到厉害，无非是迎合了这些人心中的民族主义情结而已。其实普京更令人厌恶，现在已把自己国家的经济带向崩溃，却在20年前上任时吹牛“还你一个强大的俄罗斯”，克格勃出身通过无耻手段长期霸占领导人位置，一个领导人对国家、对民众如此不负责任，放在中国都是无法想象的。此外，普京对中国的表现的友善也只是因为要钱，在很多国际重大问题是给中国使绊子的！,11/29/18,https://weibo.com/1831619630/H5229nEAX,1831619630,H5229nEAX,4311990000000000.0,12/3/18,not available,12/16/18,not available,506926.0,Permission Denied!,trump,censored,0.6363636363636364,0.0
12458,接着记录好笑的事情，拜五friendly结束之后，先去吃猫头鹰，吃完又去mcd叫cone，十几个人围着坐，突然alvin问，yang，你在中国，有没有和跟你一样年龄的男孩子一起出去吃东西啊。我：有的有的。A:那他们比较好还是我们比较好？我：你比较好。（alvin逐渐露出笑容并伴随轻微脸红，暗爽。）,12/8/18,https://weibo.com/2672445311/H6mOY2rbT,2672445311,H6mOY2rbT,4315180000000000.0,12/12/18,available,12/23/18,available,550.0,,china,uncensored,0.36363636363636365,0.0
280,独裁和中央集权，视时代和国情不同，有时还是有积极意义的，就像民主也不是完美无缺一样。但官僚主义，这玩意儿毫无价值，赶紧去死的好（虽然不太可能）,11/2/18,https://weibo.com/1254124034/H0VOMd2G6,1254124034,H0VOMd2G6,4302220000000000.0,11/6/18,not available,12/13/18,not available,255.0,Permission Denied!,democracy,censored,0.8181818181818182,0.0
33733,金庸因为武侠在华人世界家喻户晓，但相信他本人心中最得意的还是作为报人和社会活动家，文革期间与香港“左派”打笔仗，改革开放后受到过邓江两代核心以及耀邦的接见，还参与了基本法的制定，这些活动的分量远远不是一个畅销书作家可比的,10/30/18,https://weibo.com/2467182434/H0nLuuXAo,2467182434,H0nLuuXAo,4300910000000000.0,11/3/18,available,1/2/19,available,12135.0,,cr,uncensored,0.36363636363636365,0.0
551,特朗普政府宣布将从9月24日起向中国征收2000亿美元关税。税率从10%开始到年底28%。中国称将进行新关税报复。新西兰阿登姐称对周四的将公布的GDP数据表示满意，纽元上涨，然后她的办公室随后否认了这些信息，称总理收到错误信息。纽元一大早就被人为的折腾死了。,9/18/18,http://weibo.com/1988837643/GzShkxPPu,1988837643,GzShkxPPu,4285500000000000.0,9/22/18,not available,12/27/18,not available,3208.0,Permission Denied!,trump,censored,0.36363636363636365,0.0
833,吐槽刚刚说过头了，总之吧，最恶心的就是说不用国产手机就是***类似的话，盲目爱国就是不对!,12/10/18,https://weibo.com/6368566273/H6CL2wrxa,6368566273,H6CL2wrxa,4315790000000000.0,12/14/18,not available,12/16/18,not available,25.0,Permission Denied!,patriotism,censored,0.7272727272727273,0.0
324,華為這事，很多非五毛的溫和中國人心疼華為、為華為出謀劃策，你就明白五毛一再說的“中國人不適合民主”是多麼具有一定的道理。請貴包我川聯手再虐滯納人五百年。,12/7/18,https://weibo.com/6832251849/H686Jmx2V,6832251849,H686Jmx2V,4314610000000000.0,12/11/18,available,12/22/18,not available,55.0,Permission Denied!,democracy,censored,0.8181818181818182,0.09090909090909091
28365,美国贸易代表报告指责中国继续窃取知识产权和技术，与此同时，特朗普推进限制美国高端技术出口的计划。,11/20/18,https://weibo.com/3808222885/H3Elsmi3l,3808222885,H3Elsmi3l,4308700000000000.0,11/24/18,available,12/11/18,available,2292.0,,trump,uncensored,0.2727272727272727,0.09090909090909091
183,我真的很不开心我给我妈寄了一盒茶叶但是因为我们家乡产茶她一直说茶叶是中国传出去的这个是中国茶叶沫出口做的说我浪费乱买东西以为自己体验过很多就不愿去尝试别的是她一直的缺点我经过这么多年稍微走出了这样的圈子但是我不喜欢每次分享喜悦时候被她浇一头冷水所以有人要买么,12/21/18,https://weibo.com/2267898914/H8fEvarFZ,2267898914,H8fEvarFZ,4319670000000000.0,12/25/18,not available,12/26/18,not available,500.0,Permission Denied!,china,censored,0.36363636363636365,0.0
556,该来的躲不过，准备应战，特朗普政府宣布新一轮关税，将对价值2000亿美元中国进口商品征收10%关税。10%的新关税将于9月24日生效，到年底税率将提升至25%。中国已表示将对美国进口商品采取加征关税的报复性举措；美国财政部仍计划本周、下周与中国举行新的贸易谈判。,9/18/18,http://weibo.com/1405463773/GzSEJlAdG,1405463773,GzSEJlAdG,4285520000000000.0,9/22/18,not available,12/27/18,not available,2023296.0,Permission Denied!,trump,censored,0.45454545454545453,0.0
481,果然。被我一届草民猜中了.…据BBG援引4名知情人士，川普已指示对USD2000亿商品加税，但由于最终版关税清单正根据公众咨询意见进行修改，所以第二轮关税公告暂时还没出来…下周又是血雨腥风的怂季节！,9/15/18,http://weibo.com/5941195493/GzrvVBbyY,5941195493,GzrvVBbyY,4284470000000000.0,9/18/18,not available,12/27/18,not available,401.0,Permission Denied!,trump,censored,0.6363636363636364,0.0
405,可能是最近事很多就特别烦，加上明年又要考研了感觉自己什么都没准备很迷茫。前几天我室友看到一个哲学的考研班学费得几万，真的感觉国内哲学实在是太冷门了，大多数人学的还不都是财经啊法啊这些热门专业，你这种冷门小专业都没人权的好吧。我不懂哲学可是可是我除了哲学也什么都不懂，能怎么办吗唉，我也不能怎么办啊。,12/21/18,https://weibo.com/6502601766/H8hDc1nAW,6502601766,H8hDc1nAW,4319740000000000.0,12/25/18,not available,12/26/18,not available,76.0,Permission Denied!,hr,censored,0.2727272727272727,0.0
597,天天刷微博关注国家大事，天下大事，中东是不是有打仗了，原油又要涨了，人民币汇率又跌破多少了。美国总统特朗普又发推特，中美又要打贸易战了云云。操碎了心，然而再资本市场上，也没挣到几个破钱，呵呵。,10/4/18,https://weibo.com/6028300101/GCluJ7qoz,6028300101,GCluJ7qoz,4291390000000000.0,10/8/18,not available,12/27/18,not available,131.0,Permission Denied!,trump,censored,0.36363636363636365,0.0
28746,美国总统特朗普：油价正在下跌，太棒了。我：太棒了！！！！,11/25/18,https://weibo.com/1854102463/H4lOehp2e,1854102463,H4lOehp2e,4310370000000000.0,11/29/18,available,12/11/18,available,306.0,,trump,uncensored,0.2727272727272727,0.0
15408,改革开放看中国【八集大型政论专题片《必由之路》第六集兴国之魂】为隆重庆祝改革开放40周年，全方位展示改革开放波澜壮阔的伟大历程，由中央宣传部、中央改革办、中央党史和文献研究院、国家发展改革委、国家广播电视总局、新华社、中央广播电视总台、中央军委政治工作部联合拍摄的8集大型政论专题片《必由之路》，12月11日起在中央电视台综合频道20点档播出。O八集大型政论专题片《必由之路》第六集兴国之魂,12/16/18,https://weibo.com/3928761901/H7Da72Wa4,3928761901,H7Da72Wa4,4318190000000000.0,12/20/18,available,1/1/19,available,2156784.0,,china,uncensored,0.18181818181818182,0.0
24136,“某美国歌手公开反对共和党，川普气数已尽！”你们这些媒体为了反川真是一点鸡毛蒜皮的小事也能拿出来炒作啊……,10/9/18,https://weibo.com/2522348994/GDdzlA7SK,2522348994,GDdzlA7SK,4293470000000000.0,10/13/18,available,12/2/18,available,115510.0,,trump,uncensored,0.45454545454545453,0.0
766,『【直播】华为CFO孟晚舟被控欺诈更多案件细节流出|美国新闻速递-USNewsExpress』O【直播】华为CFO孟晚舟被控欺诈更多案件细节流出|美国新闻速递-USNewsExpress,12/7/18,https://weibo.com/2656348681/H6eL0014O,2656348681,H6eL0014O,4314870000000000.0,12/11/18,not available,12/17/18,not available,400.0,Permission Denied!,meng,censored,0.5454545454545454,0.0
717,特朗普忽悠贸易战解封，股市大涨，美国股市暴跌，股评却说咱们不惧怕！一直跌你还不惧怕吗？反弹只是骗涨，韭菜们，该到你们行动的时候了2哈尔滨,12/4/18,https://weibo.com/1989186050/H5Nzi0cMg,1989186050,H5Nzi0cMg,4313820000000000.0,12/9/18,not available,12/16/18,not available,406.0,Permission Denied!,trump,censored,0.45454545454545453,0.0
26903,外汇黄金分析师金鑫：期货原油期货SC1812期货原油翻仓计划群美国当地时间周日(11月4日)零点，美国对伊朗的第二轮制裁正式启动生效，特朗普的目标致力于零封伊朗石油出口，不过有八个国家可以在暂时继续从伊朗进口原油，据外媒猜测，这八个国家可能包括印度、日本和韩国。——投资达人说/股票/国际能源/上海黄金TD/期权/美原油/贵金属/伦敦金/上海原油期货/苹果1809螺纹钢/铁矿石/沪铜1809/橡胶1809,11/5/18,https://weibo.com/2038950003/H1gUN9aFx,2038950003,H1gUN9aFx,4303030000000000.0,11/9/18,available,12/11/18,available,1677.0,,trump,uncensored,0.2727272727272727,0.0
737,很多国人觉得川普上台这两年，美帝舆论突然变得对华不友好了。这是种错觉。对华严厉的舆论这十年一直都在，只是国人看不到，现在不看不行了，才刚刚看到一点。那种舆论在奥巴马第一任时就常见诸报端，到第二任时已是甚嚣尘上。信息自由流通的重要性就在于此----它让你有可能对现状和未来做出大致不离谱的判断，当某些事件发生的时候，你大致有所准备，至少了解一些前因后果，来龙去脉。否则，即便是别人可以预见的东西，对你来说也成了突发事件。如果你经常看美帝的媒体，看各种专家的言论，至少五年前大致能预感到今天的中美关系状况。不是因为比国人聪明，而主要是受益于信息流通。把自己锁定在一个信息闭环里面，肯定变成劣质信息的受害者，那是一种自我强加的竞争劣势。,12/8/18,https://weibo.com/5660114886/H6kZZoOgU,5660114886,H6kZZoOgU,4315110000000000.0,12/12/18,not available,12/16/18,not available,513578.0,Permission Denied!,trump,censored,0.6363636363636364,0.0
89,张首晟去世大多数英雄都有博大的情怀，要让关羽自杀除非是真的穷途末路。21世纪，人才最贵。一颗流星划过……呜呼哀哉……孟晚舟被捕，或许只是一个开始，预示着美国对于中国关键技术领先企业的打击将更为疯狂。,12/6/18,https://weibo.com/1656554193/H62bBiEMR,1656554193,H62bBiEMR,4314380000000000.0,12/10/18,not available,12/16/18,not available,6384.0,Permission Denied!,china,censored,0.7272727272727273,0.0
650,凡经营活动都会碰到问题，但所有问题集中爆雷就不是经营活动本身有问题。外有特朗普，关税大棒舞。内有锅主席，配合不含糊。搞坏大环境，金融难民苦。中产变无产，千家和万户。出借变维权，投资变投诉。终日泪洗面，求助无他处。黑子在狞笑，逃废受鼓舞。逾期复逾期，平台挣扎苦。实在撑不住，索性去跑路。经侦断案急，债权变债务。警察出动忙，维稳当要务。朗朗乾坤大，处处无求诉。深圳跳楼顶，合肥死亲父。可怜小王倩，泣血写遗书。多少乡亲们，绝望走绝路。....外有特朗普，神州不足惧。万众齐一心，奋斗不停步。经济稳增长，发展内需足。市场有规律，借贷抵押物。为何出内鬼，毁我长城长。处心加积虑，逼死无退路。坏账上万亿，顿作倾盆雨。财政不兜底，申请要补助。还我本和息，谁人鼓与呼。政府不失信，失信不政府。监管大忽悠，百姓吃大苦。国家不赔偿，人民难心服。官员要担当，出来走两步。引咎必辞职，难平国人怒。,11/7/18,https://weibo.com/1480594637/H1AU75soA,1480594637,H1AU75soA,4303800000000000.0,11/11/18,not available,12/28/18,not available,26.0,Permission Denied!,trump,censored,0.8181818181818182,0.0
816,(加威❤mote6521)律师调侃检方，其他四个人可以作为共同担保人：房产经纪可以和孟晚舟讲话，她的邻居做近距离的外围监护,12/28/18,https://weibo.com/5100910291/H9mK2xT6w,5100910291,H9mK2xT6w,4322320000000000.0,1/1/19,not available,1/1/19,not available,16.0,Permission Denied!,meng,censored,0.45454545454545453,0.0
29917,"接上一条，川普：中国已经同意下调和取消从美国进口汽车40%的税率。7月中国已将进口汽车税率下调至15%，剩余的25%是对美国关税的回应。最终达成他想要的协议的可能性不大，但他想法改变的几率非常大。川普擅长创造危机，再吹嘘他解决问题的能力。党国也没做什么让步，特朗普却宣称取得了其他总统从没有过的进展。""",12/4/18,https://weibo.com/2086541591/H5GfI0svO,2086541591,H5GfI0svO,4313540000000000.0,12/8/18,available,12/20/18,available,6761.0,,trump,uncensored,0.36363636363636365,0.0
8224,杭州打狗事件现在打几条狗你们叫的比狗还欢，计划生育的时候干嘛去了？2德国,11/17/18,https://weibo.com/2307201515/H35nXyk8F,2307201515,H35nXyk8F,4307360000000000.0,11/21/18,available,12/18/18,available,292.0,,fp,uncensored,0.8181818181818182,0.0
532,今天大盘延续周五的惯性下探，同时消息面又传出特朗普对华新一轮关税已敲定，可能会在周一或周二公布，市场疲弱叠加再传利空的双重施压，上证今天再次考验2647，创业板和深成指再创新低，接下来如果报道属实，2000亿征税在周一或周二兑现，反而有利于市场短线探低回升，破一下2638的股灾底反弹力度会更大，操作上继续择机适量在小区间反向操作。,9/17/18,http://weibo.com/1403683317/GzLQri3C8,1403683317,GzLQri3C8,4285250000000000.0,9/21/18,not available,12/27/18,not available,806828.0,Permission Denied!,trump,censored,0.18181818181818182,0.0
37053,【吉林省环保厅部署做好“今冬明春”期间水污染控制工作】多年水环境质量监测数据显示，每年11月份至次年3月份为我省全年水环境质量最差月份。今年1-3月份，长春市砖瓦窑桥、刘珍屯断面，吉林市福兴断面，通化市兴隆、民主断面氨氮浓度之和就已超出年度目标要求，导致我省全年无法达到国家考核要求。O吉林省环保厅部署做好“今冬明春”期间水污染控制工作,10/10/18,https://weibo.com/5648170468/GDgaF7O1r,5648170468,GDgaF7O1r,4293570000000000.0,10/14/18,available,11/28/18,available,188.0,,democracy,uncensored,0.45454545454545453,0.0
17717,孟晚舟被暂时扣留，华为CFO由梁华接替，供应商声援。誉满天下，招来必谤满天下，越是优秀，越容易招人嫉妒，这是人性的问题，华为这些企业，还有很多优秀的人士，成功的背后是无比的勤奋和孤独，而非其它。美帝国主义亡我中华之心不死，号领各国围堵中国高科技，我们中华儿女一定要力挺华为，去苹果买华为，打败美帝国主义为首的一切反动派！,12/8/18,https://weibo.com/2213404963/H6o46hJE3,2213404963,H6o46hJE3,4315220000000000.0,12/12/18,available,12/23/18,available,6074.0,,meng,uncensored,0.6363636363636364,0.0
13075,教师资格证成绩查询入口教师资格证成绩刷了快两天了，还不能查成绩，那些程序员我想问一下你们是不是现在在喝茶聊天，看我们吐槽很开心？？？什么效率？还中国教育考试网？？？为教育服务就这个效率，气死我了真是。2上海·华东理工大学奉贤校区,12/11/18,https://weibo.com/2279692123/H6J7btmHb,2279692123,H6J7btmHb,4316030000000000.0,12/15/18,available,12/26/18,available,54.0,,china,uncensored,0.6363636363636364,0.0
24349,上证指数sh000001上午十点半，传来消息说，美帝打算退出联合国，重新组群玩，所以引得今天盘面接下来的千股跌停。现在的股市已经远远超出了金融经济的范畴，已经到了赌国运的时候了。川普的想法能得逞吗？我看不见得，现在世界上哪个国家不是被他敲满了竹杠，然后又塞一个甜枣，脸上只能苦笑，而心里苦逼不已。他再这样搞下去就别说中期选举了，我看即使连任卸任以后，他的麻烦也不会小。只能说川普已经被逼急了，因为中期选举他已经很不乐观。大家可以想象一下，如果真的联合国没有了美帝，世界上其他所有的国家联合起来，把美元如果抛弃掉，重组一个世界，会出现一个什么样的结果呢？当然，这对我们天朝来说是最佳方案。虽然有些想当然，但是可以朝着它去努力，即使达不成，也可以达到一个次优结果。再看盘面，我们的大a股只用了两天的时间，就把吃饭行情给破坏掉，今天已经跌破了2638点，并且跌破了2600点，很多3000点2900点2800点喊抄底的人，现在2500多点，反而不敢买了，真是怪事！有的人说美股还会跌，我就先不说美股爆了的话，对我们天朝的好处了，只对a股来说，我们对它的相关程度也只会越来越低，欧美股市出来的钱会往哪儿去呢？也只有我们大a股，现在是在低位。现在这里2560点是底吗？这个谁也不知道，但是我相信现在的底部比当初2700点左右发动吃饭行情会来得更夯实。另外一个就是看看手中的个股情况了。我的三层仓位大概是在2670点附近买的，到现在做了一个过山车还有一个多点的利润呐。这两天多看少动，等过了周末到下周一，看看美股的情况再决定下一步吧。,10/11/18,https://weibo.com/2717739413/GDqyyDAoo,2717739413,GDqyyDAoo,4293970000000000.0,10/15/18,available,12/2/18,available,190.0,,trump,uncensored,0.5454545454545454,0.09090909090909091
938,最近zf在搞文革？牛逼啊！狗娃子天一减刑扫黄,11/26/18,https://weibo.com/5537428240/H4vaFoab9,5537428240,H4vaFoab9,4310730000000000.0,11/30/18,available,12/17/18,not available,55.0,Permission Denied!,cr,censored,0.8181818181818182,0.18181818181818182
880,说起努力努力白努力用的地图头像，爱国的观念应该是每个人心里都有的不是拿出来做人设的，我想起来有个用d/徽做头像的同学，推荐积极fz很当然地被选上了(没有酸，利益不冲突)大概是口头说说比做实事更容易让人知道的原因吧,12/25/18,https://weibo.com/3179590842/H8T5Eq2h2,3179590842,H8T5Eq2h2,4321180000000000.0,12/29/18,not available,12/30/18,not available,518.0,Permission Denied!,patriotism,censored,0.6363636363636364,0.09090909090909091
452,特朗普称再对“2670亿美元”中国商品加征关税！美股下跌！随着特朗普日前所订的“评议期”结束，美国很可能在近日对中国价值2000亿美元的商品加征关税，而特朗普也在当地时间7日表示，要是他想要的话，已经准备好可以宣布对另一波2670亿美元的中国商品加关税。白宫方面则表示，目前会先参考完所有大众评论后，再做出决定。特朗普在专机空军一号上受访时提到，“目前大家谈到的2000亿美元商品（关税措施）可能随时实施，但主要是看中国怎么回应，某种程度上来说是取决于中国。”接着他表示，“我很不想这么说，但是如果我想要的话，接下来后面还有另一波2670亿美元的措施，已经准备好随时上场，这会彻底改变局面。”在特朗普发言不久前，白宫经济顾问库卓表示，特朗普目前还不会对2000亿美元的中国商品加关税，必须等到白宫方面评估完过去60天评议期内收到的意见，美国贸易代表处在这段期间内收到了将近6000则有关加征关税措施的评论。公众评议期已经在9月6日结束。彭博报导，根据人口普查局数据显示，美国去年从中国进口了价值5050亿的商品，如果特朗普最新的关税威胁成真，即原本已经实施的500亿美元，再加上一共4670亿美元的商品，那么就已经超过去年的总价值，也就等于加征关税范围可能会涵盖了所有中国进口产品。特朗普的发表这个言论之后，美股三大指数盘中都下跌，道琼工业指数最低点到了25823点，跌幅0.66%，标普500指数也跌0.3%至2，870点。聚焦中美贸易战中美贸易摩擦,9/8/18,http://weibo.com/2215287227/GynJJ7Bnb,2215287227,GynJJ7Bnb,4281940000000000.0,9/11/18,not available,12/26/18,not available,12478.0,Permission Denied!,trump,censored,0.45454545454545453,0.09090909090909091
1229,无意中刷了陈坤的微博，感觉很有趣啊，逗比型帅哥，以前的印象还是小时候看名扬花鼓的名扬很帅，然后就是前几天的爱国热搜，爱国boy好感度提升搜了一下竟然是我们大水瓶，怪不得是个怪叔叔哈哈哈哈哈，符合我的风格,12/6/18,https://weibo.com/3140558717/H60PsowVg,3140558717,H60PsowVg,4314330000000000.0,12/11/18,available,12/21/18,available,31.0,,patriotism,uncensored,0.45454545454545453,0.09090909090909091
35883,出于某种不幸原因，“民主”似乎完全等同于美国的投票选举。那真的太糟了；因为它把我们拉入一个古老观念，“强权（大多数人）即公理。”在那条诱人道路的尽头是毁灭本身。就算有大多数人的意志，你仍会迎来毁灭。,9/4/18,http://weibo.com/6019979781/GxLHLBUac,6019979781,GxLHLBUac,4280480000000000.0,9/7/18,available,12/31/18,available,361.0,,democracy,uncensored,0.7272727272727273,0.09090909090909091
339,广州十三行许静真的让人心寒，希望打黑除恶不是空口白话；希望我们的富强民主文明和谐不只是口号；为人民服务不只是一句宣传标语。改革开放四十周年确实有很多成果，我们也不至于忘记国家的好，但是这种事情无论放在哪里，无论在谁身上，都不是可以绝口不提的小事，甚至被一次次地撤热搜，降热度。这种做法只会让人心痛，一个人生刚刚开始的年轻人，他的生命就这么不值一提吗？我不敢想这种事情发生在我自己身边会怎样，真的很害怕，在我们的土地上，在我自己的祖国，真的很害怕。,12/19/18,https://weibo.com/6323836230/H7ZhvFtHB,6323836230,H7ZhvFtHB,4319040000000000.0,12/23/18,not available,12/24/18,not available,162.0,Permission Denied!,democracy,censored,0.9090909090909091,0.36363636363636365
722,张首晟去世据说：华裔物理学家张首晟的所谓抑郁症跳楼死亡和这个事情很大的关系，张教授是掌握量子自旋霍尔效应核心技术的科学教，12月1日和孟晚舟在阿根廷晚宴，然后孟返回国内加拿大转机被抓了，张教授就“因抑郁症跳楼自杀”，张教授是为民族而牺牲的！美帝无所不用其极的手段，这是特朗普策略战术的变化，需要引起重视，毕竟他前面毛衣战是算输了。,12/6/18,https://weibo.com/2602260285/H5YGl2wdH,2602260285,H5YGl2wdH,4314250000000000.0,12/10/18,not available,12/16/18,not available,1967.0,Permission Denied!,trump,censored,0.8181818181818182,0.18181818181818182
11498,祖国这一年【中国专利申请数连续7年位列全球第一】世界知识产权组织（WIPO）3日公布的2017年世界知识产权报告显示，从受理专利申请的国家和地区有关数量来看，中国的申请数达138万项，占整体的4成多，连续7年位列首位。商标权、设计权的申请数也均为中国居首。,12/6/18,https://weibo.com/2037897050/H62cCeWAe,2037897050,H62cCeWAe,4314380000000000.0,12/10/18,available,12/22/18,available,221904.0,,china,uncensored,0.2727272727272727,0.09090909090909091
31286,特朗普女婿可能出任白宫幕僚长白宫是他的一亩三分地，选民和国会都管不了他的白宫任命。,12/14/18,https://weibo.com/1456207935/H7hT8xghQ,1456207935,H7hT8xghQ,4317370000000000.0,12/18/18,available,12/29/18,available,401.0,,trump,uncensored,0.36363636363636365,0.0
257,呵呵，别忘了东欧国家几十万政府秘密线人，在转型成为民主国家以后，摇身一变，他们变成了艺术家、商人、政客、托斯拉或者控制媒体的媒体巨头。他们可以让你看到一切他们想让你看到的，他们想让你听到谁的声音就听到谁，想听到什么时候就听到什么时候，想让总统的声音消失就消失。而很多发现秘密的普通人在俄罗斯，甚至会凭空就消失了。这批社会主义国家从90年后到今天，已经过去了近三十年。而在中国，这个数量很可能是十倍以上。我提到过的许多人，不管他们是什么嘴脸和面貌出现，其实他们就是同类人。他们只有这个能力，在所谓民主和思维方面，他们就永远是弱鸡。所以要看到更深层次的原因，为什么威权主义国家也会有廉洁高效的政府。究竟人们为什么争论不休，到底我们应该取舍什么样的人才和管理准则，从而得到什么样的社会。,9/26/18,https://weibo.com/1846993614/GBabjlk3y,1846993614,GBabjlk3y,4288570000000000.0,9/30/18,available,12/26/18,not available,56542.0,Permission Denied!,democracy,censored,0.5454545454545454,0.09090909090909091
5525,出国留学最大的感触就是祖国的好坏有多重要每次上和历史，文化或者政治有关的课都感觉挨了一次批斗社会主义限制人权禁用脸书ins禁止政治活动独裁每次都要被外国人提出来婊一遍但是仔细想想他们不是婊我们是事实每次教授问班里中国人怎么想的时候他们说想示威也不行完全没想过这些问题他们也不是撒谎或是故意不说我觉得丢脸的正是因为他们说的都是实实在在的事实一方面是国家独裁的问题一方面是我们的青年对国家政治和民主的态度无关心的可怕甚至当说到中国一些瑕疵时像我这样觉得心里有点难受的留学生都是极少数中国在历史上为国家献出全部的时代已经结束我觉得更恐怖的是对于国家干涉个人权利时国人的麻木与无关心不得不让人觉得这是经济的飞速发展带来的可怕副作用,10/10/18,https://weibo.com/6189863749/GDh9zaesx,6189863749,GDh9zaesx,4293610000000000.0,10/14/18,available,11/30/18,available,80.0,,hr,uncensored,0.7272727272727273,0.09090909090909091
7,上次红黄蓝幼儿园事件这次又是重庆幼儿园砍人事件。真的，以后我小孩都不敢往幼儿园送了看文字就看的心里一阵发凉重庆幼儿园砍人上不了热搜,10/26/18,https://weibo.com/6299094272/GFJ4ovi9i,6299094272,GFJ4ovi9i,4299450000000000.0,10/30/18,not available,12/26/18,not available,1000.0,Permission Denied!,kindergarten,censored,0.7272727272727273,0.2727272727272727
431,锦城逸景A区妈呀我才搬进来就发生杀人事件，真的是太恐怖了，租客多的一栋楼，治安怎么办呀！照片会被和谐就不发了，太血腥,12/2/18,https://weibo.com/5573928370/H5mWxDBcw,5573928370,H5mWxDBcw,4312800000000000.0,12/6/18,not available,12/13/18,not available,32.0,Permission Denied!,propaganda,censored,0.45454545454545453,0.18181818181818182
